AD_UNIT_NAME_ALL_LEVEL,DATE,ADVERTISER_NAME,ORDER_NAME,AD_UNIT_ID,ADVERTISER_ID,ORDER_ID,AD_UNIT_ID_ALL_LEVEL,CODE_SERVED_COUNT,IMPRESSIONS,CLICKS,REVENUE,ACTIVE_VIEW_MEASURABLE_IMPRESSIONS,ACTIVE_VIEW_VIEWABLE_IMPRESSIONS,AD_EXCHANGE_IMPRESSIONS,AD_EXCHANGE_REVENUE
missyusa_ATF_300x250,2026-05-23,,,21786442614.0,0.0,0.0,21786442614.0,16915.600000000002,13838.800000000001,0.0,11.02,34592,18713,2,0.0
missyusa_ATF_300x250,2026-05-23,Contxtful,DM Order - contxtful - MediaFix-Banner-Order Set-1 - 116,21786442614.0,5833797831.0,3803389379.0,21786442614.0,77.2,72.8,0.0,1.09,182,142,0,0.0
missyusa_ATF_300x250,2026-05-23,Contxtful,DM Order - contxtful - MediaFix-Banner-Order Set-1 - 117,21786442614.0,5833797831.0,3803390297.0,21786442614.0,13.600000000000001,12.8,0.0,0.33,32,24,0,0.0
missyusa_ATF_300x250,2026-05-23,Contxtful,DM Order - contxtful - MediaFix-Banner-Order Set-1 - 118,21786442614.0,5833797831.0,3803390300.0,21786442614.0,4.4,4.4,0.0,0.22,11,8,0,0.0
missyusa_ATF_300x250,2026-05-23,Contxtful,DM Order - contxtful - MediaFix-Banner-Order Set-1 - 119,21786442614.0,5833797831.0,3805548396.0,21786442614.0,17342.4,16550.8,0.0,14.15,41377,27721,0,0.0
missyusa_ATF_300x250,2026-05-23,Contxtful,DM Order - contxtful - MediaFix-Banner-Order Set-1 - 120,21786442614.0,5833797831.0,3805548399.0,21786442614.0,7.6000000000000005,7.6000000000000005,0.0,0.29,19,15,0,0.0
missyusa_ATF_300x250,2026-05-23,GADX,Analytics,21786442614.0,30995196.0,2496779519.0,21786442614.0,17680.4,15120.0,4.75,17.43,37347,30148,37800,11.3295
missyusa_ATF_300x250,2026-05-23,GADX,MissyUSA,21786442614.0,30995196.0,2398654930.0,21786442614.0,73907.2,62601.200000000004,21.0,71.41,154134,124186,156503,46.4165
missyusa_ATF_300x250,2026-05-23,Google AdExchange,Google,21786442614.0,4732042460.0,3189843356.0,21786442614.0,198.4,160.8,0.0,0.26,400,322,402,0.169
missyusa_ATF_300x250,2026-05-23,IX,DM Order - ix - MediaFix-Banner-Order Set-1 - 16,21786442614.0,4640328152.0,3536224234.0,21786442614.0,1469.6000000000001,1391.6000000000001,0.0,1.98,3035,2094,0,0.0
missyusa_ATF_300x250,2026-05-23,IX,DM Order - ix - MediaFix-Banner-Order Set-1 - 17,21786442614.0,4640328152.0,3536224237.0,21786442614.0,1216.0,1162.0,0.0,1.37,2261,1538,0,0.0
missyusa_ATF_300x250,2026-05-23,IX,DM Order - ix - MediaFix-Banner-Order Set-1 - 18,21786442614.0,4640328152.0,3536224240.0,21786442614.0,1005.6,964.8000000000001,0.0,0.76,1887,1272,0,0.0
missyusa_ATF_300x250,2026-05-23,IX,DM Order - ix - MediaFix-Banner-Order Set-1 - 19,21786442614.0,4640328152.0,3538000686.0,21786442614.0,2126.4,2026.4,0.0,2.25,4339,2924,0,0.0
missyusa_ATF_300x250,2026-05-23,IX,DM Order - ix - MediaFix-Banner-Order Set-1 - 20,21786442614.0,4640328152.0,3538000689.0,21786442614.0,1349.2,1271.2,0.0,1.98,2890,1956,0,0.0
missyusa_ATF_300x250,2026-05-23,MSFT,MSFT,21786442614.0,6075865898.0,4078071810.0,21786442614.0,7951.6,7678.400000000001,0.0,0.0,19196,13140,0,0.0
missyusa_ATF_300x250,2026-05-23,Mediafuse,DM Order - mediafuse - MediaFix-Banner-Order Set-1 - 134,21786442614.0,5616803510.0,3537946962.0,21786442614.0,0.4,0.4,0.0,0.0,1,0,0,0.0
missyusa_ATF_300x250,2026-05-23,NM,DM Order - nextMillennium - MediaFix-Banner-Order Set-1 - 41,21786442614.0,5616871104.0,3536045408.0,21786442614.0,0.4,0.4,0.0,0.0,1,0,0,0.0
missyusa_ATF_300x250,2026-05-23,Prebid,prebid-1,21786442614.0,5929971059.0,3896730679.0,21786442614.0,114914.0,109815.6,0.0,119.62,260951,171853,0,0.0
missyusa_ATF_300x250,2026-05-23,Prebid,prebid-2,21786442614.0,5929971059.0,3896730682.0,21786442614.0,581.6,548.8000000000001,0.0,6.95,1352,956,0,0.0
missyusa_ATF_300x250,2026-05-23,Prebid,prebid-3,21786442614.0,5929971059.0,3897014088.0,21786442614.0,128.4,119.2,0.0,2.78,295,204,0,0.0
missyusa_ATF_300x250,2026-05-23,Prebid,prebid-4,21786442614.0,5929971059.0,3896730694.0,21786442614.0,58.800000000000004,56.400000000000006,0.0,1.94,140,89,0,0.0
missyusa_ATF_300x250,2026-05-23,Prebid,prebid-5,21786442614.0,5929971059.0,3896730706.0,21786442614.0,30.8,30.0,0.0,1.43,75,50,0,0.0
missyusa_ATF_300x250,2026-05-23,RB,DM Order - rubicon - MediaFix-Banner-Order Set-1 - 125,21786442614.0,4747961201.0,3537970476.0,21786442614.0,2268.4,2159.2000000000003,0.0,1.56,4068,2646,0,0.0
missyusa_ATF_300x250,2026-05-23,RB,DM Order - rubicon - MediaFix-Banner-Order Set-1 - 126,21786442614.0,4747961201.0,3537970479.0,21786442614.0,1424.4,1340.0,0.0,1.61,2896,2040,0,0.0
missyusa_ATF_300x250,2026-05-23,RB,DM Order - rubicon - MediaFix-Banner-Order Set-1 - 127,21786442614.0,4747961201.0,3537971037.0,21786442614.0,1444.4,1368.0,0.0,1.41,3020,2090,0,0.0
missyusa_ATF_300x250,2026-05-23,RB,DM Order - rubicon - MediaFix-Banner-Order Set-1 - 128,21786442614.0,4747961201.0,3537971160.0,21786442614.0,1800.8000000000002,1704.0,0.0,2.15,3673,2414,0,0.0
missyusa_ATF_300x250,2026-05-23,RB,DM Order - rubicon - MediaFix-Banner-Order Set-1 - 129,21786442614.0,4747961201.0,3537971163.0,21786442614.0,374.0,352.8,0.0,0.46,787,503,0,0.0
missyusa_ATF_300x250,2026-05-23,Smilewanted,DM Order - smilewanted - MediaFix-Banner-Order Set-1 - 140,21786442614.0,5845352126.0,3861834199.0,21786442614.0,20128.4,19201.2,0.0,23.2,45850,29822,0,0.0
missyusa_ATF_300x250,2026-05-23,Smilewanted,DM Order - smilewanted - MediaFix-Banner-Order Set-1 - 141,21786442614.0,5845352126.0,3861834202.0,21786442614.0,5.2,4.4,0.0,0.17,11,4,0,0.0
missyusa_ATF_300x250,2026-05-23,Smilewanted,DM Order - smilewanted - MediaFix-Banner-Order Set-1 - 142,21786442614.0,5845352126.0,3861834910.0,21786442614.0,73.60000000000001,63.6,0.0,0.92,151,94,0,0.0
missyusa_ATF_300x250,2026-05-23,Smilewanted,DM Order - smilewanted - MediaFix-Banner-Order Set-1 - 143,21786442614.0,5845352126.0,3861834913.0,21786442614.0,2.4000000000000004,2.4000000000000004,0.0,0.12,6,4,0,0.0
missyusa_ATF_300x250,2026-05-23,Smilewanted,DM Order - smilewanted - MediaFix-Banner-Order Set-1 - 144,21786442614.0,5845352126.0,3862550589.0,21786442614.0,30.400000000000002,27.6,0.0,0.75,67,43,0,0.0
missyusa_ATF_300x250,2026-05-23,Vidazoo,DM Order - vidazoo - MediaFix-Banner-Order Set-1 - 66,21786442614.0,5845353068.0,3860323814.0,21786442614.0,4.0,4.0,0.0,0.1,10,7,0,0.0
missyusa_ATF_300x250,2026-05-23,Vidazoo,DM Order - vidazoo - MediaFix-Banner-Order Set-1 - 67,21786442614.0,5845353068.0,3860323817.0,21786442614.0,4.4,4.0,0.0,0.2,10,7,0,0.0
missyusa_ATF_300x250,2026-05-23,Vidazoo,DM Order - vidazoo - MediaFix-Banner-Order Set-1 - 68,21786442614.0,5845353068.0,3860324084.0,21786442614.0,8074.400000000001,7712.0,0.0,9.98,18630,12506,0,0.0
missyusa_ATF_300x250,2026-05-23,Vidazoo,DM Order - vidazoo - MediaFix-Banner-Order Set-1 - 69,21786442614.0,5845353068.0,3860324087.0,21786442614.0,1.6,1.6,0.0,0.06,4,3,0,0.0
missyusa_ATF_300x250,2026-05-23,Vidazoo,DM Order - vidazoo - MediaFix-Banner-Order Set-1 - 70,21786442614.0,5845353068.0,3861829198.0,21786442614.0,51.2,49.6,0.0,0.74,124,92,0,0.0
missyusa_ATF_300x250,2026-05-23,advertising,DM Order - advertising - MediaFix-Banner-Order Set-1 - 71,21786442614.0,5925420627.0,3891364757.0,21786442614.0,35.2,31.200000000000003,0.0,0.45,78,57,0,0.0
missyusa_ATF_300x250,2026-05-23,advertising,DM Order - advertising - MediaFix-Banner-Order Set-1 - 72,21786442614.0,5925420627.0,3891364760.0,21786442614.0,5.2,4.800000000000001,0.0,0.15,12,8,0,0.0
missyusa_ATF_300x250,2026-05-23,advertising,DM Order - advertising - MediaFix-Banner-Order Set-1 - 73,21786442614.0,5925420627.0,3891364763.0,21786442614.0,12.4,12.0,0.0,0.42,30,24,0,0.0
missyusa_ATF_300x250,2026-05-23,advertising,DM Order - advertising - MediaFix-Banner-Order Set-1 - 74,21786442614.0,5925420627.0,3893158987.0,21786442614.0,11221.2,10690.0,0.0,9.48,26725,17197,0,0.0
missyusa_ATF_300x250,2026-05-23,incrementx,DM Order - incrementx - MediaFix-Banner-Order Set-1 - 52,21786442614.0,6025352846.0,4015210944.0,21786442614.0,93.2,89.2,0.0,0.04,223,161,0,0.0
missyusa_ATF_300x250,2026-05-23,omnidex,DM Order - omnidex - MediaFix-Banner-Order Set-1 - 31,21786442614.0,6047786819.0,4051770432.0,21786442614.0,10710.800000000001,10250.0,0.0,11.98,25625,16625,0,0.0
missyusa_ATF_300x250,2026-05-23,omnidex,DM Order - omnidex - MediaFix-Banner-Order Set-1 - 32,21786442614.0,6047786819.0,4051782901.0,21786442614.0,142.0,138.0,0.0,2.06,345,259,0,0.0
missyusa_ATF_300x250,2026-05-23,omnidex,DM Order - omnidex - MediaFix-Banner-Order Set-1 - 33,21786442614.0,6047786819.0,4051782904.0,21786442614.0,15.200000000000001,14.4,0.0,0.55,36,27,0,0.0
missyusa_ATF_300x250,2026-05-23,omnidex,DM Order - omnidex - MediaFix-Banner-Order Set-1 - 34,21786442614.0,6047786819.0,4051782907.0,21786442614.0,2.8000000000000003,2.8000000000000003,0.0,0.14,7,6,0,0.0
missyusa_ATF_300x250,2026-05-23,omnidex,DM Order - omnidex - MediaFix-Banner-Order Set-1 - 35,21786442614.0,6047786819.0,4051782934.0,21786442614.0,3.2,3.2,0.0,0.08,8,7,0,0.0
missyusa_ATF_300x250,2026-05-23,rhu,AdSense,21786442614.0,32101356.0,428674596.0,21786442614.0,44051.200000000004,36997.6,13.25,37.46,90982,70833,0,0.0
missyusa_ATF_728x90,2026-05-23,,,22032760813.0,0.0,0.0,22032760813.0,1939.2,1718.8000000000002,0.0,2.44,4296,2976,11,0.0
missyusa_ATF_728x90,2026-05-23,Contxtful,DM Order - contxtful - MediaFix-Banner-Order Set-1 - 116,22032760813.0,5833797831.0,3803389379.0,22032760813.0,87.60000000000001,82.0,0.0,1.14,205,141,0,0.0
missyusa_ATF_728x90,2026-05-23,Contxtful,DM Order - contxtful - MediaFix-Banner-Order Set-1 - 117,22032760813.0,5833797831.0,3803390297.0,22032760813.0,6.800000000000001,5.6000000000000005,0.0,0.16,14,10,0,0.0
missyusa_ATF_728x90,2026-05-23,Contxtful,DM Order - contxtful - MediaFix-Banner-Order Set-1 - 118,22032760813.0,5833797831.0,3803390300.0,22032760813.0,3.6,3.6,0.0,0.18,9,7,0,0.0
missyusa_ATF_728x90,2026-05-23,Contxtful,DM Order - contxtful - MediaFix-Banner-Order Set-1 - 119,22032760813.0,5833797831.0,3805548396.0,22032760813.0,26569.2,25287.2,0.0,20.05,63218,40926,0,0.0
missyusa_ATF_728x90,2026-05-23,Contxtful,DM Order - contxtful - MediaFix-Banner-Order Set-1 - 120,22032760813.0,5833797831.0,3805548399.0,22032760813.0,4.0,3.2,0.0,0.13,8,6,0,0.0
missyusa_ATF_728x90,2026-05-23,GADX,MissyUSA,22032760813.0,30995196.0,2398654930.0,22032760813.0,161508.40000000002,141810.80000000002,84.75,112.81,354253,258231,354527,73.32650000000001
missyusa_ATF_728x90,2026-05-23,Google AdExchange,Google,22032760813.0,4732042460.0,3189843356.0,22032760813.0,539.6,452.0,0.25,0.46,1130,787,1130,0.29900000000000004
missyusa_ATF_728x90,2026-05-23,IX,DM Order - ix - MediaFix-Banner-Order Set-1 - 16,22032760813.0,4640328152.0,3536224234.0,22032760813.0,3449.2000000000003,3244.0,0.0,3.25,7492,4725,0,0.0
missyusa_ATF_728x90,2026-05-23,IX,DM Order - ix - MediaFix-Banner-Order Set-1 - 17,22032760813.0,4640328152.0,3536224237.0,22032760813.0,3816.8,3622.0,0.0,2.69,7855,4949,0,0.0
missyusa_ATF_728x90,2026-05-23,IX,DM Order - ix - MediaFix-Banner-Order Set-1 - 18,22032760813.0,4640328152.0,3536224240.0,22032760813.0,3661.2000000000003,3468.4,0.0,1.82,8127,4872,0,0.0
missyusa_ATF_728x90,2026-05-23,IX,DM Order - ix - MediaFix-Banner-Order Set-1 - 19,22032760813.0,4640328152.0,3538000686.0,22032760813.0,6050.8,5719.6,0.0,4.35,13697,8432,0,0.0
missyusa_ATF_728x90,2026-05-23,IX,DM Order - ix - MediaFix-Banner-Order Set-1 - 20,22032760813.0,4640328152.0,3538000689.0,22032760813.0,2838.8,2652.4,0.0,3.07,6464,4145,0,0.0
missyusa_ATF_728x90,2026-05-23,NM,DM Order - nextMillennium - MediaFix-Banner-Order Set-1 - 41,22032760813.0,5616871104.0,3536045408.0,22032760813.0,0.4,0.4,0.0,0.0,1,1,0,0.0
missyusa_ATF_728x90,2026-05-23,NM,DM Order - nextMillennium - MediaFix-Banner-Order Set-1 - 44,22032760813.0,5616871104.0,3536146558.0,22032760813.0,0.4,0.4,0.0,0.0,1,0,0,0.0
missyusa_ATF_728x90,2026-05-23,RB,DM Order - rubicon - MediaFix-Banner-Order Set-1 - 125,22032760813.0,4747961201.0,3537970476.0,22032760813.0,6078.8,5726.0,0.0,3.19,13053,8386,0,0.0
missyusa_ATF_728x90,2026-05-23,RB,DM Order - rubicon - MediaFix-Banner-Order Set-1 - 126,22032760813.0,4747961201.0,3537970479.0,22032760813.0,3663.6000000000004,3442.8,0.0,2.85,8155,5323,0,0.0
missyusa_ATF_728x90,2026-05-23,RB,DM Order - rubicon - MediaFix-Banner-Order Set-1 - 127,22032760813.0,4747961201.0,3537971037.0,22032760813.0,4078.8,3847.6000000000004,0.0,2.96,9251,6202,0,0.0
missyusa_ATF_728x90,2026-05-23,RB,DM Order - rubicon - MediaFix-Banner-Order Set-1 - 128,22032760813.0,4747961201.0,3537971160.0,22032760813.0,4516.400000000001,4226.400000000001,0.0,4.33,9949,6580,0,0.0
missyusa_ATF_728x90,2026-05-23,RB,DM Order - rubicon - MediaFix-Banner-Order Set-1 - 129,22032760813.0,4747961201.0,3537971163.0,22032760813.0,1290.4,1209.2,0.0,1.11,2907,1949,0,0.0
missyusa_ATF_728x90,2026-05-23,Smilewanted,DM Order - smilewanted - MediaFix-Banner-Order Set-1 - 140,22032760813.0,5845352126.0,3861834199.0,22032760813.0,3640.0,3400.0,0.0,5.13,7858,3950,0,0.0
missyusa_ATF_728x90,2026-05-23,Smilewanted,DM Order - smilewanted - MediaFix-Banner-Order Set-1 - 141,22032760813.0,5845352126.0,3861834202.0,22032760813.0,2.0,2.0,0.0,0.07,5,2,0,0.0
missyusa_ATF_728x90,2026-05-23,Smilewanted,DM Order - smilewanted - MediaFix-Banner-Order Set-1 - 142,22032760813.0,5845352126.0,3861834910.0,22032760813.0,35.2,31.6,0.0,0.45,79,45,0,0.0
missyusa_ATF_728x90,2026-05-23,Smilewanted,DM Order - smilewanted - MediaFix-Banner-Order Set-1 - 143,22032760813.0,5845352126.0,3861834913.0,22032760813.0,1.6,1.2000000000000002,0.0,0.06,3,3,0,0.0
missyusa_ATF_728x90,2026-05-23,Smilewanted,DM Order - smilewanted - MediaFix-Banner-Order Set-1 - 144,22032760813.0,5845352126.0,3862550589.0,22032760813.0,30.8,27.200000000000003,0.0,0.77,68,37,0,0.0
missyusa_ATF_728x90,2026-05-23,Vidazoo,DM Order - vidazoo - MediaFix-Banner-Order Set-1 - 66,22032760813.0,5845353068.0,3860323814.0,22032760813.0,9.200000000000001,8.4,0.0,0.22,21,18,0,0.0
missyusa_ATF_728x90,2026-05-23,Vidazoo,DM Order - vidazoo - MediaFix-Banner-Order Set-1 - 67,22032760813.0,5845353068.0,3860323817.0,22032760813.0,12.4,12.0,0.0,0.6,30,20,0,0.0
missyusa_ATF_728x90,2026-05-23,Vidazoo,DM Order - vidazoo - MediaFix-Banner-Order Set-1 - 68,22032760813.0,5845353068.0,3860324084.0,22032760813.0,35356.0,33776.8,0.0,28.25,82659,49755,0,0.0
missyusa_ATF_728x90,2026-05-23,Vidazoo,DM Order - vidazoo - MediaFix-Banner-Order Set-1 - 69,22032760813.0,5845353068.0,3860324087.0,22032760813.0,10.4,10.0,0.0,0.4,25,20,0,0.0
missyusa_ATF_728x90,2026-05-23,Vidazoo,DM Order - vidazoo - MediaFix-Banner-Order Set-1 - 70,22032760813.0,5845353068.0,3861829198.0,22032760813.0,66.8,60.400000000000006,0.0,0.91,151,103,0,0.0
missyusa_ATF_728x90,2026-05-23,advertising,DM Order - advertising - MediaFix-Banner-Order Set-1 - 71,22032760813.0,5925420627.0,3891364757.0,22032760813.0,30.400000000000002,28.400000000000002,0.0,0.42,71,46,0,0.0
missyusa_ATF_728x90,2026-05-23,advertising,DM Order - advertising - MediaFix-Banner-Order Set-1 - 72,22032760813.0,5925420627.0,3891364760.0,22032760813.0,4.800000000000001,4.4,0.0,0.13,11,10,0,0.0
missyusa_ATF_728x90,2026-05-23,advertising,DM Order - advertising - MediaFix-Banner-Order Set-1 - 73,22032760813.0,5925420627.0,3891364763.0,22032760813.0,7.2,6.4,0.0,0.23,16,13,0,0.0
missyusa_ATF_728x90,2026-05-23,advertising,DM Order - advertising - MediaFix-Banner-Order Set-1 - 74,22032760813.0,5925420627.0,3893158987.0,22032760813.0,14196.400000000001,13474.400000000001,0.0,11.06,33686,21300,0,0.0
missyusa_ATF_728x90,2026-05-23,advertising,DM Order - advertising - MediaFix-Banner-Order Set-1 - 75,22032760813.0,5925420627.0,3893158990.0,22032760813.0,4.800000000000001,4.0,0.0,0.2,10,9,0,0.0
missyusa_ATF_728x90,2026-05-23,incrementx,DM Order - incrementx - MediaFix-Banner-Order Set-1 - 52,22032760813.0,6025352846.0,4015210944.0,22032760813.0,192.4,185.60000000000002,0.0,0.1,464,268,0,0.0
missyusa_ATF_728x90,2026-05-23,omnidex,DM Order - omnidex - MediaFix-Banner-Order Set-1 - 31,22032760813.0,6047786819.0,4051770432.0,22032760813.0,56826.4,54350.8,0.0,40.91,135877,84340,0,0.0
missyusa_ATF_728x90,2026-05-23,omnidex,DM Order - omnidex - MediaFix-Banner-Order Set-1 - 32,22032760813.0,6047786819.0,4051782901.0,22032760813.0,145.6,137.6,0.0,1.87,344,198,0,0.0
missyusa_ATF_728x90,2026-05-23,omnidex,DM Order - omnidex - MediaFix-Banner-Order Set-1 - 34,22032760813.0,6047786819.0,4051782907.0,22032760813.0,0.4,0.4,0.0,0.02,1,1,0,0.0
missyusa_ATF_728x90,2026-05-23,omnidex,DM Order - omnidex - MediaFix-Banner-Order Set-1 - 35,22032760813.0,6047786819.0,4051782934.0,22032760813.0,1.2000000000000002,1.2000000000000002,0.0,0.04,3,0,0,0.0
missyusa_ATF_728x90,2026-05-23,rhu,AdSense,22032760813.0,32101356.0,428674596.0,22032760813.0,115033.6,102790.0,53.5,68.69,255232,167169,0,0.0
missyusa_ROS_728x90,2026-05-23,,,21786223229.0,0.0,0.0,21786223229.0,2282.0,1988.4,0.0,2.36,4971,2339,5,0.0
missyusa_ROS_728x90,2026-05-23,Contxtful,DM Order - contxtful - MediaFix-Banner-Order Set-1 - 116,21786223229.0,5833797831.0,3803389379.0,21786223229.0,47.2,44.0,0.0,0.6,110,41,0,0.0
missyusa_ROS_728x90,2026-05-23,Contxtful,DM Order - contxtful - MediaFix-Banner-Order Set-1 - 117,21786223229.0,5833797831.0,3803390297.0,21786223229.0,4.800000000000001,4.800000000000001,0.0,0.13,12,6,0,0.0
missyusa_ROS_728x90,2026-05-23,Contxtful,DM Order - contxtful - MediaFix-Banner-Order Set-1 - 118,21786223229.0,5833797831.0,3803390300.0,21786223229.0,0.8,0.4,0.0,0.02,1,1,0,0.0
missyusa_ROS_728x90,2026-05-23,Contxtful,DM Order - contxtful - MediaFix-Banner-Order Set-1 - 119,21786223229.0,5833797831.0,3805548396.0,21786223229.0,22009.2,21058.800000000003,0.0,12.66,52647,16225,0,0.0
missyusa_ROS_728x90,2026-05-23,Contxtful,DM Order - contxtful - MediaFix-Banner-Order Set-1 - 120,21786223229.0,5833797831.0,3805548399.0,21786223229.0,5.2,4.4,0.0,0.17,11,7,0,0.0
missyusa_ROS_728x90,2026-05-23,GADX,Analytics,21786223229.0,30995196.0,2496779519.0,21786223229.0,28013.600000000002,24672.0,16.5,13.32,61493,27903,61680,8.658000000000001
missyusa_ROS_728x90,2026-05-23,GADX,MissyUSA,21786223229.0,30995196.0,2398654930.0,21786223229.0,109819.6,94828.8,66.0,50.26,236511,104619,237072,32.669
missyusa_ROS_728x90,2026-05-23,Google AdExchange,Google,21786223229.0,4732042460.0,3189843356.0,21786223229.0,376.0,316.8,0.0,0.25,792,338,792,0.1625
missyusa_ROS_728x90,2026-05-23,IX,DM Order - ix - MediaFix-Banner-Order Set-1 - 16,21786223229.0,4640328152.0,3536224234.0,21786223229.0,763.6,724.0,0.0,0.68,1722,513,0,0.0
missyusa_ROS_728x90,2026-05-23,IX,DM Order - ix - MediaFix-Banner-Order Set-1 - 17,21786223229.0,4640328152.0,3536224237.0,21786223229.0,880.0,835.6,0.0,0.58,1914,526,0,0.0
missyusa_ROS_728x90,2026-05-23,IX,DM Order - ix - MediaFix-Banner-Order Set-1 - 18,21786223229.0,4640328152.0,3536224240.0,21786223229.0,706.0,668.8000000000001,0.0,0.33,1573,495,0,0.0
missyusa_ROS_728x90,2026-05-23,IX,DM Order - ix - MediaFix-Banner-Order Set-1 - 19,21786223229.0,4640328152.0,3538000686.0,21786223229.0,1098.8,1041.2,0.0,0.74,2515,799,0,0.0
missyusa_ROS_728x90,2026-05-23,IX,DM Order - ix - MediaFix-Banner-Order Set-1 - 20,21786223229.0,4640328152.0,3538000689.0,21786223229.0,525.6,489.6,0.0,0.54,1204,389,0,0.0
missyusa_ROS_728x90,2026-05-23,Mediafuse,DM Order - mediafuse - MediaFix-Banner-Order Set-1 - 133,21786223229.0,5616803510.0,3537946959.0,21786223229.0,0.4,0.4,0.0,0.0,1,0,0,0.0
missyusa_ROS_728x90,2026-05-23,NM,DM Order - nextMillennium - MediaFix-Banner-Order Set-1 - 44,21786223229.0,5616871104.0,3536146558.0,21786223229.0,0.4,0.4,0.0,0.0,1,0,0,0.0
missyusa_ROS_728x90,2026-05-23,Prebid,prebid-1,21786223229.0,5929971059.0,3896730679.0,21786223229.0,135029.6,128402.0,0.0,89.07,318261,94332,0,0.0
missyusa_ROS_728x90,2026-05-23,Prebid,prebid-2,21786223229.0,5929971059.0,3896730682.0,21786223229.0,340.40000000000003,313.6,0.0,4.11,784,253,0,0.0
missyusa_ROS_728x90,2026-05-23,Prebid,prebid-3,21786223229.0,5929971059.0,3897014088.0,21786223229.0,38.400000000000006,34.4,0.0,0.82,86,25,0,0.0
missyusa_ROS_728x90,2026-05-23,Prebid,prebid-4,21786223229.0,5929971059.0,3896730694.0,21786223229.0,12.4,11.600000000000001,0.0,0.38,29,8,0,0.0
missyusa_ROS_728x90,2026-05-23,Prebid,prebid-5,21786223229.0,5929971059.0,3896730706.0,21786223229.0,20.0,18.400000000000002,0.0,0.89,46,14,0,0.0
missyusa_ROS_728x90,2026-05-23,RB,DM Order - rubicon - MediaFix-Banner-Order Set-1 - 125,21786223229.0,4747961201.0,3537970476.0,21786223229.0,3624.4,3424.4,0.0,1.56,8227,2403,0,0.0
missyusa_ROS_728x90,2026-05-23,RB,DM Order - rubicon - MediaFix-Banner-Order Set-1 - 126,21786223229.0,4747961201.0,3537970479.0,21786223229.0,1829.6000000000001,1722.4,0.0,1.22,4166,1338,0,0.0
missyusa_ROS_728x90,2026-05-23,RB,DM Order - rubicon - MediaFix-Banner-Order Set-1 - 127,21786223229.0,4747961201.0,3537971037.0,21786223229.0,2026.8000000000002,1896.4,0.0,1.26,4643,1613,0,0.0
missyusa_ROS_728x90,2026-05-23,RB,DM Order - rubicon - MediaFix-Banner-Order Set-1 - 128,21786223229.0,4747961201.0,3537971160.0,21786223229.0,2530.8,2361.2000000000003,0.0,1.97,5748,1977,0,0.0
missyusa_ROS_728x90,2026-05-23,RB,DM Order - rubicon - MediaFix-Banner-Order Set-1 - 129,21786223229.0,4747961201.0,3537971163.0,21786223229.0,645.6,600.0,0.0,0.49,1472,531,0,0.0
missyusa_ROS_728x90,2026-05-23,Smilewanted,DM Order - smilewanted - MediaFix-Banner-Order Set-1 - 140,21786223229.0,5845352126.0,3861834199.0,21786223229.0,1623.2,1524.4,0.0,1.68,3508,583,0,0.0
missyusa_ROS_728x90,2026-05-23,Smilewanted,DM Order - smilewanted - MediaFix-Banner-Order Set-1 - 141,21786223229.0,5845352126.0,3861834202.0,21786223229.0,0.4,0.4,0.0,0.01,1,0,0,0.0
missyusa_ROS_728x90,2026-05-23,Smilewanted,DM Order - smilewanted - MediaFix-Banner-Order Set-1 - 142,21786223229.0,5845352126.0,3861834910.0,21786223229.0,5.2,5.2,0.0,0.08,13,5,0,0.0
missyusa_ROS_728x90,2026-05-23,Smilewanted,DM Order - smilewanted - MediaFix-Banner-Order Set-1 - 143,21786223229.0,5845352126.0,3861834913.0,21786223229.0,0.4,0.4,0.0,0.02,1,1,0,0.0
missyusa_ROS_728x90,2026-05-23,Smilewanted,DM Order - smilewanted - MediaFix-Banner-Order Set-1 - 144,21786223229.0,5845352126.0,3862550589.0,21786223229.0,2.8000000000000003,2.4000000000000004,0.0,0.07,6,1,0,0.0
missyusa_ROS_728x90,2026-05-23,Vidazoo,DM Order - vidazoo - MediaFix-Banner-Order Set-1 - 66,21786223229.0,5845353068.0,3860323814.0,21786223229.0,4.0,4.0,0.0,0.11,10,2,0,0.0
missyusa_ROS_728x90,2026-05-23,Vidazoo,DM Order - vidazoo - MediaFix-Banner-Order Set-1 - 67,21786223229.0,5845353068.0,3860323817.0,21786223229.0,6.0,6.0,0.0,0.3,15,4,0,0.0
missyusa_ROS_728x90,2026-05-23,Vidazoo,DM Order - vidazoo - MediaFix-Banner-Order Set-1 - 68,21786223229.0,5845353068.0,3860324084.0,21786223229.0,24488.4,23377.600000000002,0.0,16.3,57888,15723,0,0.0
missyusa_ROS_728x90,2026-05-23,Vidazoo,DM Order - vidazoo - MediaFix-Banner-Order Set-1 - 69,21786223229.0,5845353068.0,3860324087.0,21786223229.0,4.4,3.6,0.0,0.15,9,5,0,0.0
missyusa_ROS_728x90,2026-05-23,Vidazoo,DM Order - vidazoo - MediaFix-Banner-Order Set-1 - 70,21786223229.0,5845353068.0,3861829198.0,21786223229.0,31.6,27.6,0.0,0.42,69,29,0,0.0
missyusa_ROS_728x90,2026-05-23,advertising,DM Order - advertising - MediaFix-Banner-Order Set-1 - 71,21786223229.0,5925420627.0,3891364757.0,21786223229.0,13.200000000000001,12.8,0.0,0.2,32,10,0,0.0
missyusa_ROS_728x90,2026-05-23,advertising,DM Order - advertising - MediaFix-Banner-Order Set-1 - 72,21786223229.0,5925420627.0,3891364760.0,21786223229.0,4.0,3.2,0.0,0.1,8,4,0,0.0
missyusa_ROS_728x90,2026-05-23,advertising,DM Order - advertising - MediaFix-Banner-Order Set-1 - 73,21786223229.0,5925420627.0,3891364763.0,21786223229.0,3.2,3.2,0.0,0.11,8,4,0,0.0
missyusa_ROS_728x90,2026-05-23,advertising,DM Order - advertising - MediaFix-Banner-Order Set-1 - 74,21786223229.0,5925420627.0,3893158987.0,21786223229.0,9268.800000000001,8777.2,0.0,5.99,21943,6178,0,0.0
missyusa_ROS_728x90,2026-05-23,advertising,DM Order - advertising - MediaFix-Banner-Order Set-1 - 75,21786223229.0,5925420627.0,3893158990.0,21786223229.0,2.8000000000000003,2.8000000000000003,0.0,0.14,7,2,0,0.0
missyusa_ROS_728x90,2026-05-23,incrementx,DM Order - incrementx - MediaFix-Banner-Order Set-1 - 52,21786223229.0,6025352846.0,4015210944.0,21786223229.0,105.60000000000001,100.0,0.0,0.06,250,73,0,0.0
missyusa_ROS_728x90,2026-05-23,omnidex,DM Order - omnidex - MediaFix-Banner-Order Set-1 - 31,21786223229.0,6047786819.0,4051770432.0,21786223229.0,32603.600000000002,31122.0,0.0,23.19,77805,24510,0,0.0
missyusa_ROS_728x90,2026-05-23,omnidex,DM Order - omnidex - MediaFix-Banner-Order Set-1 - 32,21786223229.0,6047786819.0,4051782901.0,21786223229.0,86.0,82.0,0.0,1.11,205,71,0,0.0
missyusa_ROS_728x90,2026-05-23,rhu,AdSense,21786223229.0,32101356.0,428674596.0,21786223229.0,81951.6,72329.6,38.75,33.94,179499,69548,0,0.0
missyusa_b22_300x250,2026-05-23,,,21747714643.0,0.0,0.0,21747714643.0,23282.0,19269.600000000002,0.0,13.63,48158,24902,5,0.0
missyusa_b22_300x250,2026-05-23,Contxtful,DM Order - contxtful - MediaFix-Banner-Order Set-1 - 116,21747714643.0,5833797831.0,3803389379.0,21747714643.0,103.2,100.4,0.0,1.45,251,171,0,0.0
missyusa_b22_300x250,2026-05-23,Contxtful,DM Order - contxtful - MediaFix-Banner-Order Set-1 - 117,21747714643.0,5833797831.0,3803390297.0,21747714643.0,14.0,13.600000000000001,0.0,0.36,34,27,0,0.0
missyusa_b22_300x250,2026-05-23,Contxtful,DM Order - contxtful - MediaFix-Banner-Order Set-1 - 118,21747714643.0,5833797831.0,3803390300.0,21747714643.0,4.800000000000001,4.800000000000001,0.0,0.24,12,9,0,0.0
missyusa_b22_300x250,2026-05-23,Contxtful,DM Order - contxtful - MediaFix-Banner-Order Set-1 - 119,21747714643.0,5833797831.0,3805548396.0,21747714643.0,31704.4,30478.4,0.0,25.57,76196,50485,0,0.0
missyusa_b22_300x250,2026-05-23,Contxtful,DM Order - contxtful - MediaFix-Banner-Order Set-1 - 120,21747714643.0,5833797831.0,3805548399.0,21747714643.0,14.8,14.8,0.0,0.57,37,28,0,0.0
missyusa_b22_300x250,2026-05-23,GADX,Analytics,21747714643.0,30995196.0,2496779519.0,21747714643.0,17595.600000000002,15086.800000000001,3.75,16.41,37193,28497,37717,10.666500000000001
missyusa_b22_300x250,2026-05-23,GADX,MissyUSA,21747714643.0,30995196.0,2398654930.0,21747714643.0,89040.40000000001,75054.40000000001,20.25,78.36,184450,141078,187636,50.934000000000005
missyusa_b22_300x250,2026-05-23,Google AdExchange,Google,21747714643.0,4732042460.0,3189843356.0,21747714643.0,228.8,182.4,0.5,0.29,449,321,456,0.1885
missyusa_b22_300x250,2026-05-23,IX,DM Order - ix - MediaFix-Banner-Order Set-1 - 16,21747714643.0,4640328152.0,3536224234.0,21747714643.0,2041.2,1923.6000000000001,0.0,3.42,4753,3114,0,0.0
missyusa_b22_300x250,2026-05-23,IX,DM Order - ix - MediaFix-Banner-Order Set-1 - 17,21747714643.0,4640328152.0,3536224237.0,21747714643.0,1572.8000000000002,1491.6000000000001,0.0,2.62,3628,2498,0,0.0
missyusa_b22_300x250,2026-05-23,IX,DM Order - ix - MediaFix-Banner-Order Set-1 - 18,21747714643.0,4640328152.0,3536224240.0,21747714643.0,1378.4,1315.6000000000001,0.0,1.84,3195,2124,0,0.0
missyusa_b22_300x250,2026-05-23,IX,DM Order - ix - MediaFix-Banner-Order Set-1 - 19,21747714643.0,4640328152.0,3538000686.0,21747714643.0,2660.0,2531.6000000000004,0.0,3.55,6200,4096,0,0.0
missyusa_b22_300x250,2026-05-23,IX,DM Order - ix - MediaFix-Banner-Order Set-1 - 20,21747714643.0,4640328152.0,3538000689.0,21747714643.0,1916.4,1802.8000000000002,0.0,3.36,4477,2988,0,0.0
missyusa_b22_300x250,2026-05-23,MSFT,MSFT,21747714643.0,6075865898.0,4078071810.0,21747714643.0,53582.0,51681.600000000006,0.0,0.0,129204,85686,0,0.0
missyusa_b22_300x250,2026-05-23,Mediafuse,DM Order - mediafuse - MediaFix-Banner-Order Set-1 - 131,21747714643.0,5616803510.0,3536058452.0,21747714643.0,0.4,0.4,0.0,0.0,1,0,0,0.0
missyusa_b22_300x250,2026-05-23,Mediafuse,DM Order - mediafuse - MediaFix-Banner-Order Set-1 - 134,21747714643.0,5616803510.0,3537946962.0,21747714643.0,0.4,0.4,0.0,0.0,1,0,0,0.0
missyusa_b22_300x250,2026-05-23,NM,DM Order - nextMillennium - MediaFix-Banner-Order Set-1 - 41,21747714643.0,5616871104.0,3536045408.0,21747714643.0,0.4,0.4,0.0,0.0,1,0,0,0.0
missyusa_b22_300x250,2026-05-23,Prebid,prebid-1,21747714643.0,5929971059.0,3896730679.0,21747714643.0,163378.40000000002,156880.0,0.0,169.47,387237,245425,0,0.0
missyusa_b22_300x250,2026-05-23,Prebid,prebid-2,21747714643.0,5929971059.0,3896730682.0,21747714643.0,747.6,693.6,0.0,8.93,1734,1113,0,0.0
missyusa_b22_300x250,2026-05-23,Prebid,prebid-3,21747714643.0,5929971059.0,3897014088.0,21747714643.0,180.0,169.20000000000002,0.0,4.01,423,261,0,0.0
missyusa_b22_300x250,2026-05-23,Prebid,prebid-4,21747714643.0,5929971059.0,3896730694.0,21747714643.0,62.800000000000004,58.800000000000004,0.0,2.04,147,75,0,0.0
missyusa_b22_300x250,2026-05-23,Prebid,prebid-5,21747714643.0,5929971059.0,3896730706.0,21747714643.0,34.0,32.800000000000004,0.0,1.55,82,46,0,0.0
missyusa_b22_300x250,2026-05-23,RB,DM Order - rubicon - MediaFix-Banner-Order Set-1 - 125,21747714643.0,4747961201.0,3537970476.0,21747714643.0,2585.2000000000003,2463.6000000000004,0.0,1.95,5352,3311,0,0.0
missyusa_b22_300x250,2026-05-23,RB,DM Order - rubicon - MediaFix-Banner-Order Set-1 - 126,21747714643.0,4747961201.0,3537970479.0,21747714643.0,1572.0,1490.4,0.0,1.94,3502,2189,0,0.0
missyusa_b22_300x250,2026-05-23,RB,DM Order - rubicon - MediaFix-Banner-Order Set-1 - 127,21747714643.0,4747961201.0,3537971037.0,21747714643.0,1657.2,1572.8000000000002,0.0,1.58,3763,2382,0,0.0
missyusa_b22_300x250,2026-05-23,RB,DM Order - rubicon - MediaFix-Banner-Order Set-1 - 128,21747714643.0,4747961201.0,3537971160.0,21747714643.0,2126.4,2001.6000000000001,0.0,2.51,4748,2769,0,0.0
missyusa_b22_300x250,2026-05-23,RB,DM Order - rubicon - MediaFix-Banner-Order Set-1 - 129,21747714643.0,4747961201.0,3537971163.0,21747714643.0,434.8,410.40000000000003,0.0,0.49,998,620,0,0.0
missyusa_b22_300x250,2026-05-23,Smilewanted,DM Order - smilewanted - MediaFix-Banner-Order Set-1 - 140,21747714643.0,5845352126.0,3861834199.0,21747714643.0,30195.2,28924.4,0.0,32.78,71883,43380,0,0.0
missyusa_b22_300x250,2026-05-23,Smilewanted,DM Order - smilewanted - MediaFix-Banner-Order Set-1 - 141,21747714643.0,5845352126.0,3861834202.0,21747714643.0,3.2,2.4000000000000004,0.0,0.1,6,3,0,0.0
missyusa_b22_300x250,2026-05-23,Smilewanted,DM Order - smilewanted - MediaFix-Banner-Order Set-1 - 142,21747714643.0,5845352126.0,3861834910.0,21747714643.0,53.6,44.800000000000004,0.0,0.64,112,57,0,0.0
missyusa_b22_300x250,2026-05-23,Smilewanted,DM Order - smilewanted - MediaFix-Banner-Order Set-1 - 143,21747714643.0,5845352126.0,3861834913.0,21747714643.0,2.4000000000000004,1.6,0.0,0.08,4,2,0,0.0
missyusa_b22_300x250,2026-05-23,Smilewanted,DM Order - smilewanted - MediaFix-Banner-Order Set-1 - 144,21747714643.0,5845352126.0,3862550589.0,21747714643.0,20.8,19.6,0.0,0.52,49,14,0,0.0
missyusa_b22_300x250,2026-05-23,Vidazoo,DM Order - vidazoo - MediaFix-Banner-Order Set-1 - 66,21747714643.0,5845353068.0,3860323814.0,21747714643.0,6.4,6.0,0.0,0.15,15,10,0,0.0
missyusa_b22_300x250,2026-05-23,Vidazoo,DM Order - vidazoo - MediaFix-Banner-Order Set-1 - 67,21747714643.0,5845353068.0,3860323817.0,21747714643.0,6.800000000000001,6.800000000000001,0.0,0.34,17,10,0,0.0
missyusa_b22_300x250,2026-05-23,Vidazoo,DM Order - vidazoo - MediaFix-Banner-Order Set-1 - 68,21747714643.0,5845353068.0,3860324084.0,21747714643.0,10538.0,10100.800000000001,0.0,12.46,24764,16230,0,0.0
missyusa_b22_300x250,2026-05-23,Vidazoo,DM Order - vidazoo - MediaFix-Banner-Order Set-1 - 69,21747714643.0,5845353068.0,3860324087.0,21747714643.0,2.8000000000000003,2.8000000000000003,0.0,0.11,7,5,0,0.0
missyusa_b22_300x250,2026-05-23,Vidazoo,DM Order - vidazoo - MediaFix-Banner-Order Set-1 - 70,21747714643.0,5845353068.0,3861829198.0,21747714643.0,52.800000000000004,48.800000000000004,0.0,0.71,122,89,0,0.0
missyusa_b22_300x250,2026-05-23,advertising,DM Order - advertising - MediaFix-Banner-Order Set-1 - 71,21747714643.0,5925420627.0,3891364757.0,21747714643.0,42.800000000000004,40.800000000000004,0.0,0.58,102,63,0,0.0
missyusa_b22_300x250,2026-05-23,advertising,DM Order - advertising - MediaFix-Banner-Order Set-1 - 72,21747714643.0,5925420627.0,3891364760.0,21747714643.0,2.8000000000000003,2.8000000000000003,0.0,0.09,7,4,0,0.0
missyusa_b22_300x250,2026-05-23,advertising,DM Order - advertising - MediaFix-Banner-Order Set-1 - 73,21747714643.0,5925420627.0,3891364763.0,21747714643.0,10.0,8.8,0.0,0.31,22,13,0,0.0
missyusa_b22_300x250,2026-05-23,advertising,DM Order - advertising - MediaFix-Banner-Order Set-1 - 74,21747714643.0,5925420627.0,3893158987.0,21747714643.0,16270.800000000001,15632.400000000001,0.0,13.21,39081,24050,0,0.0
missyusa_b22_300x250,2026-05-23,advertising,DM Order - advertising - MediaFix-Banner-Order Set-1 - 75,21747714643.0,5925420627.0,3893158990.0,21747714643.0,1.2000000000000002,1.2000000000000002,0.0,0.06,3,1,0,0.0
missyusa_b22_300x250,2026-05-23,incrementx,DM Order - incrementx - MediaFix-Banner-Order Set-1 - 52,21747714643.0,6025352846.0,4015210944.0,21747714643.0,99.60000000000001,95.60000000000001,0.0,0.05,239,157,0,0.0
missyusa_b22_300x250,2026-05-23,omnidex,DM Order - omnidex - MediaFix-Banner-Order Set-1 - 31,21747714643.0,6047786819.0,4051770432.0,21747714643.0,16162.800000000001,15520.400000000001,0.0,19.89,38801,24304,0,0.0
missyusa_b22_300x250,2026-05-23,omnidex,DM Order - omnidex - MediaFix-Banner-Order Set-1 - 32,21747714643.0,6047786819.0,4051782901.0,21747714643.0,189.20000000000002,182.4,0.0,2.69,456,301,0,0.0
missyusa_b22_300x250,2026-05-23,omnidex,DM Order - omnidex - MediaFix-Banner-Order Set-1 - 33,21747714643.0,6047786819.0,4051782904.0,21747714643.0,18.8,17.6,0.0,0.68,44,34,0,0.0
missyusa_b22_300x250,2026-05-23,omnidex,DM Order - omnidex - MediaFix-Banner-Order Set-1 - 34,21747714643.0,6047786819.0,4051782907.0,21747714643.0,2.8000000000000003,2.8000000000000003,0.0,0.14,7,6,0,0.0
missyusa_b22_300x250,2026-05-23,omnidex,DM Order - omnidex - MediaFix-Banner-Order Set-1 - 35,21747714643.0,6047786819.0,4051782934.0,21747714643.0,4.0,3.6,0.0,0.1,9,8,0,0.0
missyusa_b22_300x250,2026-05-23,rhu,AdSense,21747714643.0,32101356.0,428674596.0,21747714643.0,47329.600000000006,39292.8,17.0,40.65,96548,72609,0,0.0
missyusa_content_320x50,2026-05-23,GADX,MissyUSA,23117505683.0,30995196.0,2398654930.0,23117505683.0,0.4,0.4,0.0,0.0,1,0,1,0.0
missyusa_content_320x50,2026-05-23,Prebid,prebid-1,23117505683.0,5929971059.0,3896730679.0,23117505683.0,0.4,0.4,0.0,0.0,1,0,0,0.0
missyusa_content_320x50,2026-05-23,Vidazoo,DM Order - vidazoo - MediaFix-Banner-Order Set-1 - 68,23117505683.0,5845353068.0,3860324084.0,23117505683.0,0.4,0.4,0.0,0.0,1,0,0,0.0
missyusa_direct2_300x250,2026-05-23,,,22106393808.0,0.0,0.0,22106393808.0,104.0,76.4,0.0,0.45,191,132,0,0.0
missyusa_direct2_300x250,2026-05-23,GADX,MissyUSA,22106393808.0,30995196.0,2398654930.0,22106393808.0,5528.8,4597.6,6.75,11.49,11435,9127,11494,7.468500000000001
missyusa_direct2_300x250,2026-05-23,Google AdExchange,Google,22106393808.0,4732042460.0,3189843356.0,22106393808.0,17.2,13.600000000000001,0.0,0.03,34,24,34,0.0195
missyusa_direct2_300x250,2026-05-23,MSFT,MSFT,22106393808.0,6075865898.0,4078071810.0,22106393808.0,2438.4,2130.8,0.0,0.0,5327,3863,0,0.0
missyusa_direct2_300x250,2026-05-23,rhu,AdSense,22106393808.0,32101356.0,428674596.0,22106393808.0,4854.8,4028.4,2.75,6.61,9980,7664,0,0.0
missyusa_mob_300x250,2026-05-23,,,21871125096.0,0.0,0.0,21871125096.0,18158.4,16666.8,0.0,7.7,41667,2952,0,0.0
missyusa_mob_300x250,2026-05-23,CPMstar,DM Order - cpmstar - MediaFix-Banner-Order Set-1 - 36,21871125096.0,5834483484.0,3804571114.0,21871125096.0,6.800000000000001,6.800000000000001,0.0,0.08,17,0,0,0.0
missyusa_mob_300x250,2026-05-23,CPMstar,DM Order - cpmstar - MediaFix-Banner-Order Set-1 - 37,21871125096.0,5834483484.0,3804571672.0,21871125096.0,1189.6000000000001,1146.4,0.0,0.99,2865,212,0,0.0
missyusa_mob_300x250,2026-05-23,CPMstar,DM Order - cpmstar - MediaFix-Banner-Order Set-1 - 39,21871125096.0,5834483484.0,3804571678.0,21871125096.0,0.4,0.4,0.0,0.02,1,0,0,0.0
missyusa_mob_300x250,2026-05-23,CPMstar,DM Order - cpmstar - MediaFix-Banner-Order Set-1 - 40,21871125096.0,5834483484.0,3804571801.0,21871125096.0,0.4,0.4,0.0,0.02,1,0,0,0.0
missyusa_mob_300x250,2026-05-23,Criteo,DM Order - criteo - MediaFix-Banner-Order Set-1 - 1,21871125096.0,32141556.0,3795168950.0,21871125096.0,6315.6,6085.200000000001,0.0,3.4,15213,1658,0,0.0
missyusa_mob_300x250,2026-05-23,Criteo,DM Order - criteo - MediaFix-Banner-Order Set-1 - 2,21871125096.0,32141556.0,3795207053.0,21871125096.0,8.8,8.0,0.0,0.13,20,0,0,0.0
missyusa_mob_300x250,2026-05-23,Criteo,DM Order - criteo - MediaFix-Banner-Order Set-1 - 3,21871125096.0,32141556.0,3795207056.0,21871125096.0,1.6,1.6,0.0,0.04,4,1,0,0.0
missyusa_mob_300x250,2026-05-23,GADX,MissyUSA,21871125096.0,30995196.0,2398654930.0,21871125096.0,46508.0,26629.2,12.75,19.6,61492,12347,66573,12.740000000000002
missyusa_mob_300x250,2026-05-23,Google AdExchange,Google,21871125096.0,4732042460.0,3189843356.0,21871125096.0,131.20000000000002,82.4,0.25,0.05,193,41,206,0.0325
missyusa_mob_300x250,2026-05-23,MSFT,MSFT,21871125096.0,6075865898.0,4078071810.0,21871125096.0,29734.800000000003,28651.600000000002,0.0,0.0,71629,6403,0,0.0
missyusa_mob_300x250,2026-05-23,Onetag,DM Order - onetag - MediaFix-Banner-Order Set-1 - 111,21871125096.0,5616801977.0,3536142190.0,21871125096.0,223.60000000000002,214.4,0.0,0.09,536,65,0,0.0
missyusa_mob_300x250,2026-05-23,Onetag,DM Order - onetag - MediaFix-Banner-Order Set-1 - 112,21871125096.0,5616801977.0,3536142193.0,21871125096.0,515.6,496.8,0.0,0.11,1242,155,0,0.0
missyusa_mob_300x250,2026-05-23,Onetag,DM Order - onetag - MediaFix-Banner-Order Set-1 - 113,21871125096.0,5616801977.0,3536142196.0,21871125096.0,474.8,454.40000000000003,0.0,0.13,1136,143,0,0.0
missyusa_mob_300x250,2026-05-23,Onetag,DM Order - onetag - MediaFix-Banner-Order Set-1 - 114,21871125096.0,5616801977.0,3537925623.0,21871125096.0,646.8000000000001,629.2,0.0,0.05,1573,138,0,0.0
missyusa_mob_300x250,2026-05-23,Onetag,DM Order - onetag - MediaFix-Banner-Order Set-1 - 115,21871125096.0,5616801977.0,3537926109.0,21871125096.0,293.6,279.6,0.0,0.1,699,77,0,0.0
missyusa_mob_300x250,2026-05-23,PM,DM Order - pubmatic - MediaFix-Banner-Order Set-1 - 11,21871125096.0,5616803759.0,3536072072.0,21871125096.0,3911.6000000000004,3765.6000000000004,0.0,2.12,9414,1016,0,0.0
missyusa_mob_300x250,2026-05-23,PM,DM Order - pubmatic - MediaFix-Banner-Order Set-1 - 12,21871125096.0,5616803759.0,3536072075.0,21871125096.0,5014.0,4833.2,0.0,2.16,12083,1306,0,0.0
missyusa_mob_300x250,2026-05-23,PM,DM Order - pubmatic - MediaFix-Banner-Order Set-1 - 13,21871125096.0,5616803759.0,3536072078.0,21871125096.0,3417.6000000000004,3279.6000000000004,0.0,1.84,8198,783,0,0.0
missyusa_mob_300x250,2026-05-23,PM,DM Order - pubmatic - MediaFix-Banner-Order Set-1 - 14,21871125096.0,5616803759.0,3536072081.0,21871125096.0,5416.0,5220.8,0.0,2.87,13052,1435,0,0.0
missyusa_mob_300x250,2026-05-23,PM,DM Order - pubmatic - MediaFix-Banner-Order Set-1 - 15,21871125096.0,5616803759.0,3536072084.0,21871125096.0,4262.400000000001,4098.400000000001,0.0,1.9,10246,944,0,0.0
missyusa_mob_300x250,2026-05-23,Prebid,prebid-1,21871125096.0,5929971059.0,3896730679.0,21871125096.0,65830.0,63488.0,0.0,40.05,158717,16740,0,0.0
missyusa_mob_300x250,2026-05-23,Prebid,prebid-2,21871125096.0,5929971059.0,3896730682.0,21871125096.0,78.80000000000001,72.4,0.0,0.96,181,18,0,0.0
missyusa_mob_300x250,2026-05-23,Prebid,prebid-3,21871125096.0,5929971059.0,3897014088.0,21871125096.0,12.0,11.200000000000001,0.0,0.26,28,2,0,0.0
missyusa_mob_300x250,2026-05-23,Prebid,prebid-4,21871125096.0,5929971059.0,3896730694.0,21871125096.0,4.0,4.0,0.0,0.14,10,0,0,0.0
missyusa_mob_300x250,2026-05-23,Prebid,prebid-5,21871125096.0,5929971059.0,3896730706.0,21871125096.0,7.2,6.800000000000001,0.0,0.34,17,0,0,0.0
missyusa_mob_300x250,2026-05-23,RB,DM Order - rubicon - MediaFix-Banner-Order Set-1 - 125,21871125096.0,4747961201.0,3537970476.0,21871125096.0,639.2,615.2,0.0,0.18,1537,185,0,0.0
missyusa_mob_300x250,2026-05-23,RB,DM Order - rubicon - MediaFix-Banner-Order Set-1 - 126,21871125096.0,4747961201.0,3537970479.0,21871125096.0,326.0,316.40000000000003,0.0,0.1,790,74,0,0.0
missyusa_mob_300x250,2026-05-23,RB,DM Order - rubicon - MediaFix-Banner-Order Set-1 - 127,21871125096.0,4747961201.0,3537971037.0,21871125096.0,466.0,444.8,0.0,0.15,1112,122,0,0.0
missyusa_mob_300x250,2026-05-23,RB,DM Order - rubicon - MediaFix-Banner-Order Set-1 - 128,21871125096.0,4747961201.0,3537971160.0,21871125096.0,163.20000000000002,152.8,0.0,0.14,382,59,0,0.0
missyusa_mob_300x250,2026-05-23,RB,DM Order - rubicon - MediaFix-Banner-Order Set-1 - 129,21871125096.0,4747961201.0,3537971163.0,21871125096.0,23.200000000000003,22.400000000000002,0.0,0.03,56,8,0,0.0
missyusa_mob_300x250,2026-05-23,Smilewanted,DM Order - smilewanted - MediaFix-Banner-Order Set-1 - 140,21871125096.0,5845352126.0,3861834199.0,21871125096.0,20884.4,20298.800000000003,0.0,14.56,50747,5885,0,0.0
missyusa_mob_300x250,2026-05-23,Smilewanted,DM Order - smilewanted - MediaFix-Banner-Order Set-1 - 141,21871125096.0,5845352126.0,3861834202.0,21871125096.0,0.4,0.4,0.0,0.01,1,0,0,0.0
missyusa_mob_300x250,2026-05-23,Smilewanted,DM Order - smilewanted - MediaFix-Banner-Order Set-1 - 142,21871125096.0,5845352126.0,3861834910.0,21871125096.0,20.0,18.400000000000002,0.0,0.29,46,7,0,0.0
missyusa_mob_300x250,2026-05-23,Smilewanted,DM Order - smilewanted - MediaFix-Banner-Order Set-1 - 143,21871125096.0,5845352126.0,3861834913.0,21871125096.0,1.6,1.2000000000000002,0.0,0.06,3,0,0,0.0
missyusa_mob_300x250,2026-05-23,Smilewanted,DM Order - smilewanted - MediaFix-Banner-Order Set-1 - 144,21871125096.0,5845352126.0,3862550589.0,21871125096.0,1.2000000000000002,1.2000000000000002,0.0,0.03,3,0,0,0.0
missyusa_mob_300x250,2026-05-23,Vidazoo,DM Order - vidazoo - MediaFix-Banner-Order Set-1 - 66,21871125096.0,5845353068.0,3860323814.0,21871125096.0,2.4000000000000004,2.4000000000000004,0.0,0.06,6,0,0,0.0
missyusa_mob_300x250,2026-05-23,Vidazoo,DM Order - vidazoo - MediaFix-Banner-Order Set-1 - 67,21871125096.0,5845353068.0,3860323817.0,21871125096.0,1.6,1.2000000000000002,0.0,0.06,3,0,0,0.0
missyusa_mob_300x250,2026-05-23,Vidazoo,DM Order - vidazoo - MediaFix-Banner-Order Set-1 - 68,21871125096.0,5845353068.0,3860324084.0,21871125096.0,2252.0,2148.8,0.0,2.93,5371,613,0,0.0
missyusa_mob_300x250,2026-05-23,Vidazoo,DM Order - vidazoo - MediaFix-Banner-Order Set-1 - 69,21871125096.0,5845353068.0,3860324087.0,21871125096.0,1.6,1.2000000000000002,0.0,0.05,3,0,0,0.0
missyusa_mob_300x250,2026-05-23,Vidazoo,DM Order - vidazoo - MediaFix-Banner-Order Set-1 - 70,21871125096.0,5845353068.0,3861829198.0,21871125096.0,8.4,8.0,0.0,0.11,20,2,0,0.0
missyusa_mob_300x250,2026-05-23,rhu,AdSense,21871125096.0,32101356.0,428674596.0,21871125096.0,34238.0,20112.4,12.0,13.11,47413,8344,0,0.0
missyusa_resp_320x50,2026-05-23,,,23117506328.0,0.0,0.0,23117506328.0,4474.400000000001,4241.6,0.0,1.2,10604,5591,22,0.013000000000000001
missyusa_resp_320x50,2026-05-23,CPMstar,DM Order - cpmstar - MediaFix-Banner-Order Set-1 - 36,23117506328.0,5834483484.0,3804571114.0,23117506328.0,4.0,3.2,0.0,0.05,8,1,0,0.0
missyusa_resp_320x50,2026-05-23,CPMstar,DM Order - cpmstar - MediaFix-Banner-Order Set-1 - 37,23117506328.0,5834483484.0,3804571672.0,23117506328.0,12830.800000000001,12376.0,0.0,3.41,30934,14238,0,0.0
missyusa_resp_320x50,2026-05-23,Criteo,DM Order - criteo - MediaFix-Banner-Order Set-1 - 1,23117506328.0,32141556.0,3795168950.0,23117506328.0,23874.4,23128.800000000003,0.0,2.03,57821,28808,0,0.0
missyusa_resp_320x50,2026-05-23,Criteo,DM Order - criteo - MediaFix-Banner-Order Set-1 - 2,23117506328.0,32141556.0,3795207053.0,23117506328.0,6.4,4.800000000000001,0.0,0.08,12,4,0,0.0
missyusa_resp_320x50,2026-05-23,Criteo,DM Order - criteo - MediaFix-Banner-Order Set-1 - 5,23117506328.0,32141556.0,3797364399.0,23117506328.0,0.4,0.4,0.0,0.02,1,1,0,0.0
missyusa_resp_320x50,2026-05-23,GADX,MissyUSA,23117506328.0,30995196.0,2398654930.0,23117506328.0,50116.4,47475.600000000006,4.5,7.98,118685,73929,118689,5.187
missyusa_resp_320x50,2026-05-23,Google AdExchange,Google,23117506328.0,4732042460.0,3189843356.0,23117506328.0,167.20000000000002,162.0,0.0,0.03,405,257,405,0.0195
missyusa_resp_320x50,2026-05-23,Onetag,DM Order - onetag - MediaFix-Banner-Order Set-1 - 111,23117506328.0,5616801977.0,3536142190.0,23117506328.0,636.4000000000001,612.8000000000001,0.0,0.3,1532,738,0,0.0
missyusa_resp_320x50,2026-05-23,Onetag,DM Order - onetag - MediaFix-Banner-Order Set-1 - 112,23117506328.0,5616801977.0,3536142193.0,23117506328.0,2094.4,2011.2,0.0,0.6,5028,2689,0,0.0
missyusa_resp_320x50,2026-05-23,Onetag,DM Order - onetag - MediaFix-Banner-Order Set-1 - 113,23117506328.0,5616801977.0,3536142196.0,23117506328.0,2138.8,2044.4,0.0,0.59,5111,2615,0,0.0
missyusa_resp_320x50,2026-05-23,Onetag,DM Order - onetag - MediaFix-Banner-Order Set-1 - 114,23117506328.0,5616801977.0,3537925623.0,23117506328.0,1303.6000000000001,1258.4,0.0,0.24,3146,1447,0,0.0
missyusa_resp_320x50,2026-05-23,Onetag,DM Order - onetag - MediaFix-Banner-Order Set-1 - 115,23117506328.0,5616801977.0,3537926109.0,23117506328.0,1650.8000000000002,1577.6000000000001,0.0,0.44,3944,2177,0,0.0
missyusa_resp_320x50,2026-05-23,PM,DM Order - pubmatic - MediaFix-Banner-Order Set-1 - 11,23117506328.0,5616803759.0,3536072072.0,23117506328.0,1879.6000000000001,1818.0,0.0,1.18,4544,2204,0,0.0
missyusa_resp_320x50,2026-05-23,PM,DM Order - pubmatic - MediaFix-Banner-Order Set-1 - 12,23117506328.0,5616803759.0,3536072075.0,23117506328.0,2602.0,2527.6000000000004,0.0,1.14,6314,3040,0,0.0
missyusa_resp_320x50,2026-05-23,PM,DM Order - pubmatic - MediaFix-Banner-Order Set-1 - 13,23117506328.0,5616803759.0,3536072078.0,23117506328.0,2352.8,2275.6,0.0,1.19,5689,2584,0,0.0
missyusa_resp_320x50,2026-05-23,PM,DM Order - pubmatic - MediaFix-Banner-Order Set-1 - 14,23117506328.0,5616803759.0,3536072081.0,23117506328.0,1541.2,1488.0,0.0,1.14,3717,1729,0,0.0
missyusa_resp_320x50,2026-05-23,PM,DM Order - pubmatic - MediaFix-Banner-Order Set-1 - 15,23117506328.0,5616803759.0,3536072084.0,23117506328.0,662.4000000000001,635.6,0.0,0.58,1588,704,0,0.0
missyusa_resp_320x50,2026-05-23,Prebid,prebid-1,23117506328.0,5929971059.0,3896730679.0,23117506328.0,114096.40000000001,109885.6,0.0,35.58,274646,104723,0,0.0
missyusa_resp_320x50,2026-05-23,Prebid,prebid-2,23117506328.0,5929971059.0,3896730682.0,23117506328.0,88.0,81.2,0.0,1.07,203,111,0,0.0
missyusa_resp_320x50,2026-05-23,Prebid,prebid-3,23117506328.0,5929971059.0,3897014088.0,23117506328.0,9.600000000000001,8.8,0.0,0.22,22,14,0,0.0
missyusa_resp_320x50,2026-05-23,Prebid,prebid-4,23117506328.0,5929971059.0,3896730694.0,23117506328.0,6.800000000000001,6.4,0.0,0.23,16,7,0,0.0
missyusa_resp_320x50,2026-05-23,Prebid,prebid-5,23117506328.0,5929971059.0,3896730706.0,23117506328.0,8.4,8.4,0.0,0.42,21,9,0,0.0
missyusa_resp_320x50,2026-05-23,RB,DM Order - rubicon - MediaFix-Banner-Order Set-1 - 125,23117506328.0,4747961201.0,3537970476.0,23117506328.0,5094.8,4896.8,0.0,1.39,12224,6254,0,0.0
missyusa_resp_320x50,2026-05-23,RB,DM Order - rubicon - MediaFix-Banner-Order Set-1 - 126,23117506328.0,4747961201.0,3537970479.0,23117506328.0,3053.6000000000004,2949.6000000000004,0.0,0.53,7368,3649,0,0.0
missyusa_resp_320x50,2026-05-23,RB,DM Order - rubicon - MediaFix-Banner-Order Set-1 - 127,23117506328.0,4747961201.0,3537971037.0,23117506328.0,4341.2,4181.6,0.0,0.66,10451,5141,0,0.0
missyusa_resp_320x50,2026-05-23,RB,DM Order - rubicon - MediaFix-Banner-Order Set-1 - 128,23117506328.0,4747961201.0,3537971160.0,23117506328.0,1365.2,1312.0,0.0,0.71,3269,1658,0,0.0
missyusa_resp_320x50,2026-05-23,RB,DM Order - rubicon - MediaFix-Banner-Order Set-1 - 129,23117506328.0,4747961201.0,3537971163.0,23117506328.0,261.6,252.0,0.0,0.2,626,356,0,0.0
missyusa_resp_320x50,2026-05-23,Smilewanted,DM Order - smilewanted - MediaFix-Banner-Order Set-1 - 140,23117506328.0,5845352126.0,3861834199.0,23117506328.0,3941.6000000000004,3782.0,0.0,4.62,9455,4653,0,0.0
missyusa_resp_320x50,2026-05-23,Smilewanted,DM Order - smilewanted - MediaFix-Banner-Order Set-1 - 141,23117506328.0,5845352126.0,3861834202.0,23117506328.0,0.4,0.4,0.0,0.01,1,0,0,0.0
missyusa_resp_320x50,2026-05-23,Smilewanted,DM Order - smilewanted - MediaFix-Banner-Order Set-1 - 142,23117506328.0,5845352126.0,3861834910.0,23117506328.0,15.200000000000001,13.600000000000001,0.0,0.2,34,19,0,0.0
missyusa_resp_320x50,2026-05-23,Smilewanted,DM Order - smilewanted - MediaFix-Banner-Order Set-1 - 143,23117506328.0,5845352126.0,3861834913.0,23117506328.0,0.8,0.8,0.0,0.04,2,1,0,0.0
missyusa_resp_320x50,2026-05-23,Vidazoo,DM Order - vidazoo - MediaFix-Banner-Order Set-1 - 66,23117506328.0,5845353068.0,3860323814.0,23117506328.0,6.0,5.6000000000000005,0.0,0.15,14,3,0,0.0
missyusa_resp_320x50,2026-05-23,Vidazoo,DM Order - vidazoo - MediaFix-Banner-Order Set-1 - 67,23117506328.0,5845353068.0,3860323817.0,23117506328.0,6.800000000000001,6.0,0.0,0.3,15,9,0,0.0
missyusa_resp_320x50,2026-05-23,Vidazoo,DM Order - vidazoo - MediaFix-Banner-Order Set-1 - 68,23117506328.0,5845353068.0,3860324084.0,23117506328.0,5248.0,5043.200000000001,0.0,5.2,12607,5901,0,0.0
missyusa_resp_320x50,2026-05-23,Vidazoo,DM Order - vidazoo - MediaFix-Banner-Order Set-1 - 69,23117506328.0,5845353068.0,3860324087.0,23117506328.0,0.4,0.4,0.0,0.02,1,1,0,0.0
missyusa_resp_320x50,2026-05-23,Vidazoo,DM Order - vidazoo - MediaFix-Banner-Order Set-1 - 70,23117506328.0,5845353068.0,3861829198.0,23117506328.0,17.6,16.400000000000002,0.0,0.24,41,23,0,0.0
missyusa_resp_320x50,2026-05-23,rhu,AdSense,23117506328.0,32101356.0,428674596.0,23117506328.0,55208.0,52212.4,8.5,17.38,129858,82259,0,0.0
missyusa_sticky_banner,2026-05-23,,,23334850228.0,0.0,0.0,23334850228.0,168682.80000000002,160102.0,71.75,65.1,399773,350676,400255,42.315
missyusa_sticky_banner,2026-05-23,CPMstar,DM Order - cpmstar - MediaFix-Banner-Order Set-1 - 36,23334850228.0,5834483484.0,3804571114.0,23334850228.0,7.6000000000000005,7.2,0.0,0.1,18,18,0,0.0
missyusa_sticky_banner,2026-05-23,CPMstar,DM Order - cpmstar - MediaFix-Banner-Order Set-1 - 37,23334850228.0,5834483484.0,3804571672.0,23334850228.0,12960.800000000001,12519.6,0.0,4.12,31298,24795,0,0.0
missyusa_sticky_banner,2026-05-23,CPMstar,DM Order - cpmstar - MediaFix-Banner-Order Set-1 - 39,23334850228.0,5834483484.0,3804571678.0,23334850228.0,0.4,0.4,0.0,0.02,1,1,0,0.0
missyusa_sticky_banner,2026-05-23,CPMstar,DM Order - cpmstar - MediaFix-Banner-Order Set-1 - 40,23334850228.0,5834483484.0,3804571801.0,23334850228.0,0.4,0.4,0.0,0.02,1,1,0,0.0
missyusa_sticky_banner,2026-05-23,Criteo,DM Order - criteo - MediaFix-Banner-Order Set-1 - 1,23334850228.0,32141556.0,3795168950.0,23334850228.0,14654.0,14180.0,0.0,4.73,35449,30463,0,0.0
missyusa_sticky_banner,2026-05-23,Criteo,DM Order - criteo - MediaFix-Banner-Order Set-1 - 2,23334850228.0,32141556.0,3795207053.0,23334850228.0,16.0,15.200000000000001,0.0,0.24,38,33,0,0.0
missyusa_sticky_banner,2026-05-23,Criteo,DM Order - criteo - MediaFix-Banner-Order Set-1 - 3,23334850228.0,32141556.0,3795207056.0,23334850228.0,1.6,1.6,0.0,0.04,4,3,0,0.0
missyusa_sticky_banner,2026-05-23,Criteo,DM Order - criteo - MediaFix-Banner-Order Set-1 - 5,23334850228.0,32141556.0,3797364399.0,23334850228.0,0.8,0.8,0.0,0.04,2,2,0,0.0
missyusa_sticky_banner,2026-05-23,Google AdExchange,Google,23334850228.0,4732042460.0,3189843356.0,23334850228.0,1253.2,1200.4,1.25,0.46,3000,2624,3001,0.29900000000000004
missyusa_sticky_banner,2026-05-23,Onetag,DM Order - onetag - MediaFix-Banner-Order Set-1 - 111,23334850228.0,5616801977.0,3536142190.0,23334850228.0,713.6,680.0,0.0,0.41,1700,1314,0,0.0
missyusa_sticky_banner,2026-05-23,Onetag,DM Order - onetag - MediaFix-Banner-Order Set-1 - 112,23334850228.0,5616801977.0,3536142193.0,23334850228.0,1884.0,1808.8000000000002,0.0,0.68,4522,3574,0,0.0
missyusa_sticky_banner,2026-05-23,Onetag,DM Order - onetag - MediaFix-Banner-Order Set-1 - 113,23334850228.0,5616801977.0,3536142196.0,23334850228.0,2253.6,2172.4,0.0,0.71,5431,4299,0,0.0
missyusa_sticky_banner,2026-05-23,Onetag,DM Order - onetag - MediaFix-Banner-Order Set-1 - 114,23334850228.0,5616801977.0,3537925623.0,23334850228.0,1376.4,1329.2,0.0,0.3,3323,2815,0,0.0
missyusa_sticky_banner,2026-05-23,Onetag,DM Order - onetag - MediaFix-Banner-Order Set-1 - 115,23334850228.0,5616801977.0,3537926109.0,23334850228.0,1517.6000000000001,1453.2,0.0,0.56,3633,2858,0,0.0
missyusa_sticky_banner,2026-05-23,PM,DM Order - pubmatic - MediaFix-Banner-Order Set-1 - 11,23334850228.0,5616803759.0,3536072072.0,23334850228.0,2188.0,2098.4,0.0,1.89,5246,4189,0,0.0
missyusa_sticky_banner,2026-05-23,PM,DM Order - pubmatic - MediaFix-Banner-Order Set-1 - 12,23334850228.0,5616803759.0,3536072075.0,23334850228.0,3342.0,3218.8,0.0,1.79,8039,6376,0,0.0
missyusa_sticky_banner,2026-05-23,PM,DM Order - pubmatic - MediaFix-Banner-Order Set-1 - 13,23334850228.0,5616803759.0,3536072078.0,23334850228.0,2175.6,2097.2000000000003,0.0,2.07,5242,4214,0,0.0
missyusa_sticky_banner,2026-05-23,PM,DM Order - pubmatic - MediaFix-Banner-Order Set-1 - 14,23334850228.0,5616803759.0,3536072081.0,23334850228.0,2242.4,2166.4,0.0,2.15,5414,4310,0,0.0
missyusa_sticky_banner,2026-05-23,PM,DM Order - pubmatic - MediaFix-Banner-Order Set-1 - 15,23334850228.0,5616803759.0,3536072084.0,23334850228.0,926.0,892.0,0.0,0.92,2229,1727,0,0.0
missyusa_sticky_banner,2026-05-23,Prebid,prebid-1,23334850228.0,5929971059.0,3896730679.0,23334850228.0,103921.20000000001,99976.0,0.0,59.01,249861,164029,0,0.0
missyusa_sticky_banner,2026-05-23,Prebid,prebid-2,23334850228.0,5929971059.0,3896730682.0,23334850228.0,152.8,144.0,0.0,1.91,360,280,0,0.0
missyusa_sticky_banner,2026-05-23,Prebid,prebid-3,23334850228.0,5929971059.0,3897014088.0,23334850228.0,28.0,27.6,0.0,0.65,69,56,0,0.0
missyusa_sticky_banner,2026-05-23,Prebid,prebid-4,23334850228.0,5929971059.0,3896730694.0,23334850228.0,14.4,13.200000000000001,0.0,0.44,33,26,0,0.0
missyusa_sticky_banner,2026-05-23,Prebid,prebid-5,23334850228.0,5929971059.0,3896730706.0,23334850228.0,28.0,24.8,0.0,1.22,62,48,0,0.0
missyusa_sticky_banner,2026-05-23,RB,DM Order - rubicon - MediaFix-Banner-Order Set-1 - 125,23334850228.0,4747961201.0,3537970476.0,23334850228.0,5355.6,5162.8,0.0,2.04,12892,10833,0,0.0
missyusa_sticky_banner,2026-05-23,RB,DM Order - rubicon - MediaFix-Banner-Order Set-1 - 126,23334850228.0,4747961201.0,3537970479.0,23334850228.0,2165.6,2100.0,0.0,0.97,5248,4412,0,0.0
missyusa_sticky_banner,2026-05-23,RB,DM Order - rubicon - MediaFix-Banner-Order Set-1 - 127,23334850228.0,4747961201.0,3537971037.0,23334850228.0,2704.0,2610.0,0.0,1.03,6518,5557,0,0.0
missyusa_sticky_banner,2026-05-23,RB,DM Order - rubicon - MediaFix-Banner-Order Set-1 - 128,23334850228.0,4747961201.0,3537971160.0,23334850228.0,1757.6000000000001,1696.8000000000002,0.0,1.28,4234,3445,0,0.0
missyusa_sticky_banner,2026-05-23,RB,DM Order - rubicon - MediaFix-Banner-Order Set-1 - 129,23334850228.0,4747961201.0,3537971163.0,23334850228.0,370.0,354.0,0.0,0.32,885,711,0,0.0
missyusa_sticky_banner,2026-05-23,Smilewanted,DM Order - smilewanted - MediaFix-Banner-Order Set-1 - 140,23334850228.0,5845352126.0,3861834199.0,23334850228.0,8064.0,7652.0,0.0,11.64,19130,15842,0,0.0
missyusa_sticky_banner,2026-05-23,Smilewanted,DM Order - smilewanted - MediaFix-Banner-Order Set-1 - 141,23334850228.0,5845352126.0,3861834202.0,23334850228.0,0.8,0.8,0.0,0.03,2,2,0,0.0
missyusa_sticky_banner,2026-05-23,Smilewanted,DM Order - smilewanted - MediaFix-Banner-Order Set-1 - 142,23334850228.0,5845352126.0,3861834910.0,23334850228.0,44.400000000000006,42.400000000000006,0.0,0.62,106,88,0,0.0
missyusa_sticky_banner,2026-05-23,Smilewanted,DM Order - smilewanted - MediaFix-Banner-Order Set-1 - 143,23334850228.0,5845352126.0,3861834913.0,23334850228.0,2.0,2.0,0.0,0.1,5,3,0,0.0
missyusa_sticky_banner,2026-05-23,Smilewanted,DM Order - smilewanted - MediaFix-Banner-Order Set-1 - 144,23334850228.0,5845352126.0,3862550589.0,23334850228.0,4.0,4.0,0.0,0.11,10,8,0,0.0
missyusa_sticky_banner,2026-05-23,Vidazoo,DM Order - vidazoo - MediaFix-Banner-Order Set-1 - 66,23334850228.0,5845353068.0,3860323814.0,23334850228.0,8.0,8.0,0.0,0.21,20,17,0,0.0
missyusa_sticky_banner,2026-05-23,Vidazoo,DM Order - vidazoo - MediaFix-Banner-Order Set-1 - 67,23334850228.0,5845353068.0,3860323817.0,23334850228.0,8.8,7.6000000000000005,0.0,0.38,19,10,0,0.0
missyusa_sticky_banner,2026-05-23,Vidazoo,DM Order - vidazoo - MediaFix-Banner-Order Set-1 - 68,23334850228.0,5845353068.0,3860324084.0,23334850228.0,7549.6,7292.400000000001,0.0,8.28,18231,14259,0,0.0
missyusa_sticky_banner,2026-05-23,Vidazoo,DM Order - vidazoo - MediaFix-Banner-Order Set-1 - 69,23334850228.0,5845353068.0,3860324087.0,23334850228.0,4.0,4.0,0.0,0.15,10,8,0,0.0
missyusa_sticky_banner,2026-05-23,Vidazoo,DM Order - vidazoo - MediaFix-Banner-Order Set-1 - 70,23334850228.0,5845353068.0,3861829198.0,23334850228.0,34.4,32.0,0.0,0.49,80,66,0,0.0
missyusa_video_outstream_1x1,2026-05-23,Google AdExchange,Google,22032754622.0,4732042460.0,3189843356.0,22032754622.0,4.0,3.6,0.0,0.0,9,1,9,0.0
missyusa_video_outstream_1x1,2026-05-23,Media Fix Online,MissyUSA Outstream,22032754622.0,5625316981.0,3543770363.0,22032754622.0,20659.600000000002,20429.600000000002,0.0,0.0,51074,2,0,0.0
