AD_UNIT_NAME_ALL_LEVEL,DATE,ADVERTISER_NAME,ORDER_NAME,AD_UNIT_ID,ADVERTISER_ID,ORDER_ID,AD_UNIT_ID_ALL_LEVEL,CODE_SERVED_COUNT,IMPRESSIONS,CLICKS,REVENUE,ACTIVE_VIEW_MEASURABLE_IMPRESSIONS,ACTIVE_VIEW_VIEWABLE_IMPRESSIONS,AD_EXCHANGE_IMPRESSIONS,AD_EXCHANGE_REVENUE
missyusa_ATF_300x250,2026-05-23,,,21786442614,0,0,21786442614,42289,34597,0,11.02,34592,18713,2,0.00
missyusa_ATF_300x250,2026-05-23,Contxtful,DM Order - contxtful - MediaFix-Banner-Order Set-1 - 116,21786442614,5833797831,3803389379,21786442614,193,182,0,1.09,182,142,0,0.00
missyusa_ATF_300x250,2026-05-23,Contxtful,DM Order - contxtful - MediaFix-Banner-Order Set-1 - 117,21786442614,5833797831,3803390297,21786442614,34,32,0,0.33,32,24,0,0.00
missyusa_ATF_300x250,2026-05-23,Contxtful,DM Order - contxtful - MediaFix-Banner-Order Set-1 - 118,21786442614,5833797831,3803390300,21786442614,11,11,0,0.22,11,8,0,0.00
missyusa_ATF_300x250,2026-05-23,Contxtful,DM Order - contxtful - MediaFix-Banner-Order Set-1 - 119,21786442614,5833797831,3805548396,21786442614,43356,41377,0,14.15,41377,27721,0,0.00
missyusa_ATF_300x250,2026-05-23,Contxtful,DM Order - contxtful - MediaFix-Banner-Order Set-1 - 120,21786442614,5833797831,3805548399,21786442614,19,19,0,0.29,19,15,0,0.00
missyusa_ATF_300x250,2026-05-23,GADX,Analytics,21786442614,30995196,2496779519,21786442614,44201,37800,19,17.43,37347,30148,37800,17.43
missyusa_ATF_300x250,2026-05-23,GADX,MissyUSA,21786442614,30995196,2398654930,21786442614,184768,156503,84,71.41,154134,124186,156503,71.41
missyusa_ATF_300x250,2026-05-23,Google AdExchange,Google,21786442614,4732042460,3189843356,21786442614,496,402,0,0.26,400,322,402,0.26
missyusa_ATF_300x250,2026-05-23,IX,DM Order - ix - MediaFix-Banner-Order Set-1 - 16,21786442614,4640328152,3536224234,21786442614,3674,3479,0,1.98,3035,2094,0,0.00
missyusa_ATF_300x250,2026-05-23,IX,DM Order - ix - MediaFix-Banner-Order Set-1 - 17,21786442614,4640328152,3536224237,21786442614,3040,2905,0,1.37,2261,1538,0,0.00
missyusa_ATF_300x250,2026-05-23,IX,DM Order - ix - MediaFix-Banner-Order Set-1 - 18,21786442614,4640328152,3536224240,21786442614,2514,2412,0,0.76,1887,1272,0,0.00
missyusa_ATF_300x250,2026-05-23,IX,DM Order - ix - MediaFix-Banner-Order Set-1 - 19,21786442614,4640328152,3538000686,21786442614,5316,5066,0,2.25,4339,2924,0,0.00
missyusa_ATF_300x250,2026-05-23,IX,DM Order - ix - MediaFix-Banner-Order Set-1 - 20,21786442614,4640328152,3538000689,21786442614,3373,3178,0,1.98,2890,1956,0,0.00
missyusa_ATF_300x250,2026-05-23,MSFT,MSFT,21786442614,6075865898,4078071810,21786442614,19879,19196,0,0.00,19196,13140,0,0.00
missyusa_ATF_300x250,2026-05-23,Mediafuse,DM Order - mediafuse - MediaFix-Banner-Order Set-1 - 134,21786442614,5616803510,3537946962,21786442614,1,1,0,0.00,1,0,0,0.00
missyusa_ATF_300x250,2026-05-23,NM,DM Order - nextMillennium - MediaFix-Banner-Order Set-1 - 41,21786442614,5616871104,3536045408,21786442614,1,1,0,0.00,1,0,0,0.00
missyusa_ATF_300x250,2026-05-23,Prebid,prebid-1,21786442614,5929971059,3896730679,21786442614,287285,274539,0,119.62,260951,171853,0,0.00
missyusa_ATF_300x250,2026-05-23,Prebid,prebid-2,21786442614,5929971059,3896730682,21786442614,1454,1372,0,6.95,1352,956,0,0.00
missyusa_ATF_300x250,2026-05-23,Prebid,prebid-3,21786442614,5929971059,3897014088,21786442614,321,298,0,2.78,295,204,0,0.00
missyusa_ATF_300x250,2026-05-23,Prebid,prebid-4,21786442614,5929971059,3896730694,21786442614,147,141,0,1.94,140,89,0,0.00
missyusa_ATF_300x250,2026-05-23,Prebid,prebid-5,21786442614,5929971059,3896730706,21786442614,77,75,0,1.43,75,50,0,0.00
missyusa_ATF_300x250,2026-05-23,RB,DM Order - rubicon - MediaFix-Banner-Order Set-1 - 125,21786442614,4747961201,3537970476,21786442614,5671,5398,0,1.56,4068,2646,0,0.00
missyusa_ATF_300x250,2026-05-23,RB,DM Order - rubicon - MediaFix-Banner-Order Set-1 - 126,21786442614,4747961201,3537970479,21786442614,3561,3350,0,1.61,2896,2040,0,0.00
missyusa_ATF_300x250,2026-05-23,RB,DM Order - rubicon - MediaFix-Banner-Order Set-1 - 127,21786442614,4747961201,3537971037,21786442614,3611,3420,0,1.41,3020,2090,0,0.00
missyusa_ATF_300x250,2026-05-23,RB,DM Order - rubicon - MediaFix-Banner-Order Set-1 - 128,21786442614,4747961201,3537971160,21786442614,4502,4260,0,2.15,3673,2414,0,0.00
missyusa_ATF_300x250,2026-05-23,RB,DM Order - rubicon - MediaFix-Banner-Order Set-1 - 129,21786442614,4747961201,3537971163,21786442614,935,882,0,0.46,787,503,0,0.00
missyusa_ATF_300x250,2026-05-23,Smilewanted,DM Order - smilewanted - MediaFix-Banner-Order Set-1 - 140,21786442614,5845352126,3861834199,21786442614,50321,48003,0,23.20,45850,29822,0,0.00
missyusa_ATF_300x250,2026-05-23,Smilewanted,DM Order - smilewanted - MediaFix-Banner-Order Set-1 - 141,21786442614,5845352126,3861834202,21786442614,13,11,0,0.17,11,4,0,0.00
missyusa_ATF_300x250,2026-05-23,Smilewanted,DM Order - smilewanted - MediaFix-Banner-Order Set-1 - 142,21786442614,5845352126,3861834910,21786442614,184,159,0,0.92,151,94,0,0.00
missyusa_ATF_300x250,2026-05-23,Smilewanted,DM Order - smilewanted - MediaFix-Banner-Order Set-1 - 143,21786442614,5845352126,3861834913,21786442614,6,6,0,0.12,6,4,0,0.00
missyusa_ATF_300x250,2026-05-23,Smilewanted,DM Order - smilewanted - MediaFix-Banner-Order Set-1 - 144,21786442614,5845352126,3862550589,21786442614,76,69,0,0.75,67,43,0,0.00
missyusa_ATF_300x250,2026-05-23,Vidazoo,DM Order - vidazoo - MediaFix-Banner-Order Set-1 - 66,21786442614,5845353068,3860323814,21786442614,10,10,0,0.10,10,7,0,0.00
missyusa_ATF_300x250,2026-05-23,Vidazoo,DM Order - vidazoo - MediaFix-Banner-Order Set-1 - 67,21786442614,5845353068,3860323817,21786442614,11,10,0,0.20,10,7,0,0.00
missyusa_ATF_300x250,2026-05-23,Vidazoo,DM Order - vidazoo - MediaFix-Banner-Order Set-1 - 68,21786442614,5845353068,3860324084,21786442614,20186,19280,0,9.98,18630,12506,0,0.00
missyusa_ATF_300x250,2026-05-23,Vidazoo,DM Order - vidazoo - MediaFix-Banner-Order Set-1 - 69,21786442614,5845353068,3860324087,21786442614,4,4,0,0.06,4,3,0,0.00
missyusa_ATF_300x250,2026-05-23,Vidazoo,DM Order - vidazoo - MediaFix-Banner-Order Set-1 - 70,21786442614,5845353068,3861829198,21786442614,128,124,0,0.74,124,92,0,0.00
missyusa_ATF_300x250,2026-05-23,advertising,DM Order - advertising - MediaFix-Banner-Order Set-1 - 71,21786442614,5925420627,3891364757,21786442614,88,78,0,0.45,78,57,0,0.00
missyusa_ATF_300x250,2026-05-23,advertising,DM Order - advertising - MediaFix-Banner-Order Set-1 - 72,21786442614,5925420627,3891364760,21786442614,13,12,0,0.15,12,8,0,0.00
missyusa_ATF_300x250,2026-05-23,advertising,DM Order - advertising - MediaFix-Banner-Order Set-1 - 73,21786442614,5925420627,3891364763,21786442614,31,30,0,0.42,30,24,0,0.00
missyusa_ATF_300x250,2026-05-23,advertising,DM Order - advertising - MediaFix-Banner-Order Set-1 - 74,21786442614,5925420627,3893158987,21786442614,28053,26725,0,9.48,26725,17197,0,0.00
missyusa_ATF_300x250,2026-05-23,incrementx,DM Order - incrementx - MediaFix-Banner-Order Set-1 - 52,21786442614,6025352846,4015210944,21786442614,233,223,0,0.04,223,161,0,0.00
missyusa_ATF_300x250,2026-05-23,omnidex,DM Order - omnidex - MediaFix-Banner-Order Set-1 - 31,21786442614,6047786819,4051770432,21786442614,26777,25625,0,11.98,25625,16625,0,0.00
missyusa_ATF_300x250,2026-05-23,omnidex,DM Order - omnidex - MediaFix-Banner-Order Set-1 - 32,21786442614,6047786819,4051782901,21786442614,355,345,0,2.06,345,259,0,0.00
missyusa_ATF_300x250,2026-05-23,omnidex,DM Order - omnidex - MediaFix-Banner-Order Set-1 - 33,21786442614,6047786819,4051782904,21786442614,38,36,0,0.55,36,27,0,0.00
missyusa_ATF_300x250,2026-05-23,omnidex,DM Order - omnidex - MediaFix-Banner-Order Set-1 - 34,21786442614,6047786819,4051782907,21786442614,7,7,0,0.14,7,6,0,0.00
missyusa_ATF_300x250,2026-05-23,omnidex,DM Order - omnidex - MediaFix-Banner-Order Set-1 - 35,21786442614,6047786819,4051782934,21786442614,8,8,0,0.08,8,7,0,0.00
missyusa_ATF_300x250,2026-05-23,rhu,AdSense,21786442614,32101356,428674596,21786442614,110128,92494,53,37.46,90982,70833,0,0.00
missyusa_ATF_728x90,2026-05-23,,,22032760813,0,0,22032760813,4848,4297,0,2.44,4296,2976,11,0.00
missyusa_ATF_728x90,2026-05-23,Contxtful,DM Order - contxtful - MediaFix-Banner-Order Set-1 - 116,22032760813,5833797831,3803389379,22032760813,219,205,0,1.14,205,141,0,0.00
missyusa_ATF_728x90,2026-05-23,Contxtful,DM Order - contxtful - MediaFix-Banner-Order Set-1 - 117,22032760813,5833797831,3803390297,22032760813,17,14,0,0.16,14,10,0,0.00
missyusa_ATF_728x90,2026-05-23,Contxtful,DM Order - contxtful - MediaFix-Banner-Order Set-1 - 118,22032760813,5833797831,3803390300,22032760813,9,9,0,0.18,9,7,0,0.00
missyusa_ATF_728x90,2026-05-23,Contxtful,DM Order - contxtful - MediaFix-Banner-Order Set-1 - 119,22032760813,5833797831,3805548396,22032760813,66423,63218,0,20.05,63218,40926,0,0.00
missyusa_ATF_728x90,2026-05-23,Contxtful,DM Order - contxtful - MediaFix-Banner-Order Set-1 - 120,22032760813,5833797831,3805548399,22032760813,10,8,0,0.13,8,6,0,0.00
missyusa_ATF_728x90,2026-05-23,GADX,MissyUSA,22032760813,30995196,2398654930,22032760813,403771,354527,339,112.81,354253,258231,354527,112.81
missyusa_ATF_728x90,2026-05-23,Google AdExchange,Google,22032760813,4732042460,3189843356,22032760813,1349,1130,1,0.46,1130,787,1130,0.46
missyusa_ATF_728x90,2026-05-23,IX,DM Order - ix - MediaFix-Banner-Order Set-1 - 16,22032760813,4640328152,3536224234,22032760813,8623,8110,0,3.25,7492,4725,0,0.00
missyusa_ATF_728x90,2026-05-23,IX,DM Order - ix - MediaFix-Banner-Order Set-1 - 17,22032760813,4640328152,3536224237,22032760813,9542,9055,0,2.69,7855,4949,0,0.00
missyusa_ATF_728x90,2026-05-23,IX,DM Order - ix - MediaFix-Banner-Order Set-1 - 18,22032760813,4640328152,3536224240,22032760813,9153,8671,0,1.82,8127,4872,0,0.00
missyusa_ATF_728x90,2026-05-23,IX,DM Order - ix - MediaFix-Banner-Order Set-1 - 19,22032760813,4640328152,3538000686,22032760813,15127,14299,0,4.35,13697,8432,0,0.00
missyusa_ATF_728x90,2026-05-23,IX,DM Order - ix - MediaFix-Banner-Order Set-1 - 20,22032760813,4640328152,3538000689,22032760813,7097,6631,0,3.07,6464,4145,0,0.00
missyusa_ATF_728x90,2026-05-23,NM,DM Order - nextMillennium - MediaFix-Banner-Order Set-1 - 41,22032760813,5616871104,3536045408,22032760813,1,1,0,0.00,1,1,0,0.00
missyusa_ATF_728x90,2026-05-23,NM,DM Order - nextMillennium - MediaFix-Banner-Order Set-1 - 44,22032760813,5616871104,3536146558,22032760813,1,1,0,0.00,1,0,0,0.00
missyusa_ATF_728x90,2026-05-23,RB,DM Order - rubicon - MediaFix-Banner-Order Set-1 - 125,22032760813,4747961201,3537970476,22032760813,15197,14315,0,3.19,13053,8386,0,0.00
missyusa_ATF_728x90,2026-05-23,RB,DM Order - rubicon - MediaFix-Banner-Order Set-1 - 126,22032760813,4747961201,3537970479,22032760813,9159,8607,0,2.85,8155,5323,0,0.00
missyusa_ATF_728x90,2026-05-23,RB,DM Order - rubicon - MediaFix-Banner-Order Set-1 - 127,22032760813,4747961201,3537971037,22032760813,10197,9619,0,2.96,9251,6202,0,0.00
missyusa_ATF_728x90,2026-05-23,RB,DM Order - rubicon - MediaFix-Banner-Order Set-1 - 128,22032760813,4747961201,3537971160,22032760813,11291,10566,0,4.33,9949,6580,0,0.00
missyusa_ATF_728x90,2026-05-23,RB,DM Order - rubicon - MediaFix-Banner-Order Set-1 - 129,22032760813,4747961201,3537971163,22032760813,3226,3023,0,1.11,2907,1949,0,0.00
missyusa_ATF_728x90,2026-05-23,Smilewanted,DM Order - smilewanted - MediaFix-Banner-Order Set-1 - 140,22032760813,5845352126,3861834199,22032760813,9100,8500,0,5.13,7858,3950,0,0.00
missyusa_ATF_728x90,2026-05-23,Smilewanted,DM Order - smilewanted - MediaFix-Banner-Order Set-1 - 141,22032760813,5845352126,3861834202,22032760813,5,5,0,0.07,5,2,0,0.00
missyusa_ATF_728x90,2026-05-23,Smilewanted,DM Order - smilewanted - MediaFix-Banner-Order Set-1 - 142,22032760813,5845352126,3861834910,22032760813,88,79,0,0.45,79,45,0,0.00
missyusa_ATF_728x90,2026-05-23,Smilewanted,DM Order - smilewanted - MediaFix-Banner-Order Set-1 - 143,22032760813,5845352126,3861834913,22032760813,4,3,0,0.06,3,3,0,0.00
missyusa_ATF_728x90,2026-05-23,Smilewanted,DM Order - smilewanted - MediaFix-Banner-Order Set-1 - 144,22032760813,5845352126,3862550589,22032760813,77,68,0,0.77,68,37,0,0.00
missyusa_ATF_728x90,2026-05-23,Vidazoo,DM Order - vidazoo - MediaFix-Banner-Order Set-1 - 66,22032760813,5845353068,3860323814,22032760813,23,21,0,0.22,21,18,0,0.00
missyusa_ATF_728x90,2026-05-23,Vidazoo,DM Order - vidazoo - MediaFix-Banner-Order Set-1 - 67,22032760813,5845353068,3860323817,22032760813,31,30,0,0.60,30,20,0,0.00
missyusa_ATF_728x90,2026-05-23,Vidazoo,DM Order - vidazoo - MediaFix-Banner-Order Set-1 - 68,22032760813,5845353068,3860324084,22032760813,88390,84442,0,28.25,82659,49755,0,0.00
missyusa_ATF_728x90,2026-05-23,Vidazoo,DM Order - vidazoo - MediaFix-Banner-Order Set-1 - 69,22032760813,5845353068,3860324087,22032760813,26,25,0,0.40,25,20,0,0.00
missyusa_ATF_728x90,2026-05-23,Vidazoo,DM Order - vidazoo - MediaFix-Banner-Order Set-1 - 70,22032760813,5845353068,3861829198,22032760813,167,151,0,0.91,151,103,0,0.00
missyusa_ATF_728x90,2026-05-23,advertising,DM Order - advertising - MediaFix-Banner-Order Set-1 - 71,22032760813,5925420627,3891364757,22032760813,76,71,0,0.42,71,46,0,0.00
missyusa_ATF_728x90,2026-05-23,advertising,DM Order - advertising - MediaFix-Banner-Order Set-1 - 72,22032760813,5925420627,3891364760,22032760813,12,11,0,0.13,11,10,0,0.00
missyusa_ATF_728x90,2026-05-23,advertising,DM Order - advertising - MediaFix-Banner-Order Set-1 - 73,22032760813,5925420627,3891364763,22032760813,18,16,0,0.23,16,13,0,0.00
missyusa_ATF_728x90,2026-05-23,advertising,DM Order - advertising - MediaFix-Banner-Order Set-1 - 74,22032760813,5925420627,3893158987,22032760813,35491,33686,0,11.06,33686,21300,0,0.00
missyusa_ATF_728x90,2026-05-23,advertising,DM Order - advertising - MediaFix-Banner-Order Set-1 - 75,22032760813,5925420627,3893158990,22032760813,12,10,0,0.20,10,9,0,0.00
missyusa_ATF_728x90,2026-05-23,incrementx,DM Order - incrementx - MediaFix-Banner-Order Set-1 - 52,22032760813,6025352846,4015210944,22032760813,481,464,0,0.10,464,268,0,0.00
missyusa_ATF_728x90,2026-05-23,omnidex,DM Order - omnidex - MediaFix-Banner-Order Set-1 - 31,22032760813,6047786819,4051770432,22032760813,142066,135877,0,40.91,135877,84340,0,0.00
missyusa_ATF_728x90,2026-05-23,omnidex,DM Order - omnidex - MediaFix-Banner-Order Set-1 - 32,22032760813,6047786819,4051782901,22032760813,364,344,0,1.87,344,198,0,0.00
missyusa_ATF_728x90,2026-05-23,omnidex,DM Order - omnidex - MediaFix-Banner-Order Set-1 - 34,22032760813,6047786819,4051782907,22032760813,1,1,0,0.02,1,1,0,0.00
missyusa_ATF_728x90,2026-05-23,omnidex,DM Order - omnidex - MediaFix-Banner-Order Set-1 - 35,22032760813,6047786819,4051782934,22032760813,3,3,0,0.04,3,0,0,0.00
missyusa_ATF_728x90,2026-05-23,rhu,AdSense,22032760813,32101356,428674596,22032760813,287584,256975,214,68.69,255232,167169,0,0.00
missyusa_ROS_728x90,2026-05-23,,,21786223229,0,0,21786223229,5705,4971,0,2.36,4971,2339,5,0.00
missyusa_ROS_728x90,2026-05-23,Contxtful,DM Order - contxtful - MediaFix-Banner-Order Set-1 - 116,21786223229,5833797831,3803389379,21786223229,118,110,0,0.60,110,41,0,0.00
missyusa_ROS_728x90,2026-05-23,Contxtful,DM Order - contxtful - MediaFix-Banner-Order Set-1 - 117,21786223229,5833797831,3803390297,21786223229,12,12,0,0.13,12,6,0,0.00
missyusa_ROS_728x90,2026-05-23,Contxtful,DM Order - contxtful - MediaFix-Banner-Order Set-1 - 118,21786223229,5833797831,3803390300,21786223229,2,1,0,0.02,1,1,0,0.00
missyusa_ROS_728x90,2026-05-23,Contxtful,DM Order - contxtful - MediaFix-Banner-Order Set-1 - 119,21786223229,5833797831,3805548396,21786223229,55023,52647,0,12.66,52647,16225,0,0.00
missyusa_ROS_728x90,2026-05-23,Contxtful,DM Order - contxtful - MediaFix-Banner-Order Set-1 - 120,21786223229,5833797831,3805548399,21786223229,13,11,0,0.17,11,7,0,0.00
missyusa_ROS_728x90,2026-05-23,GADX,Analytics,21786223229,30995196,2496779519,21786223229,70034,61680,66,13.32,61493,27903,61680,13.32
missyusa_ROS_728x90,2026-05-23,GADX,MissyUSA,21786223229,30995196,2398654930,21786223229,274549,237072,264,50.26,236511,104619,237072,50.26
missyusa_ROS_728x90,2026-05-23,Google AdExchange,Google,21786223229,4732042460,3189843356,21786223229,940,792,0,0.25,792,338,792,0.25
missyusa_ROS_728x90,2026-05-23,IX,DM Order - ix - MediaFix-Banner-Order Set-1 - 16,21786223229,4640328152,3536224234,21786223229,1909,1810,0,0.68,1722,513,0,0.00
missyusa_ROS_728x90,2026-05-23,IX,DM Order - ix - MediaFix-Banner-Order Set-1 - 17,21786223229,4640328152,3536224237,21786223229,2200,2089,0,0.58,1914,526,0,0.00
missyusa_ROS_728x90,2026-05-23,IX,DM Order - ix - MediaFix-Banner-Order Set-1 - 18,21786223229,4640328152,3536224240,21786223229,1765,1672,0,0.33,1573,495,0,0.00
missyusa_ROS_728x90,2026-05-23,IX,DM Order - ix - MediaFix-Banner-Order Set-1 - 19,21786223229,4640328152,3538000686,21786223229,2747,2603,0,0.74,2515,799,0,0.00
missyusa_ROS_728x90,2026-05-23,IX,DM Order - ix - MediaFix-Banner-Order Set-1 - 20,21786223229,4640328152,3538000689,21786223229,1314,1224,0,0.54,1204,389,0,0.00
missyusa_ROS_728x90,2026-05-23,Mediafuse,DM Order - mediafuse - MediaFix-Banner-Order Set-1 - 133,21786223229,5616803510,3537946959,21786223229,1,1,0,0.00,1,0,0,0.00
missyusa_ROS_728x90,2026-05-23,NM,DM Order - nextMillennium - MediaFix-Banner-Order Set-1 - 44,21786223229,5616871104,3536146558,21786223229,1,1,0,0.00,1,0,0,0.00
missyusa_ROS_728x90,2026-05-23,Prebid,prebid-1,21786223229,5929971059,3896730679,21786223229,337574,321005,0,89.07,318261,94332,0,0.00
missyusa_ROS_728x90,2026-05-23,Prebid,prebid-2,21786223229,5929971059,3896730682,21786223229,851,784,0,4.11,784,253,0,0.00
missyusa_ROS_728x90,2026-05-23,Prebid,prebid-3,21786223229,5929971059,3897014088,21786223229,96,86,0,0.82,86,25,0,0.00
missyusa_ROS_728x90,2026-05-23,Prebid,prebid-4,21786223229,5929971059,3896730694,21786223229,31,29,0,0.38,29,8,0,0.00
missyusa_ROS_728x90,2026-05-23,Prebid,prebid-5,21786223229,5929971059,3896730706,21786223229,50,46,0,0.89,46,14,0,0.00
missyusa_ROS_728x90,2026-05-23,RB,DM Order - rubicon - MediaFix-Banner-Order Set-1 - 125,21786223229,4747961201,3537970476,21786223229,9061,8561,0,1.56,8227,2403,0,0.00
missyusa_ROS_728x90,2026-05-23,RB,DM Order - rubicon - MediaFix-Banner-Order Set-1 - 126,21786223229,4747961201,3537970479,21786223229,4574,4306,0,1.22,4166,1338,0,0.00
missyusa_ROS_728x90,2026-05-23,RB,DM Order - rubicon - MediaFix-Banner-Order Set-1 - 127,21786223229,4747961201,3537971037,21786223229,5067,4741,0,1.26,4643,1613,0,0.00
missyusa_ROS_728x90,2026-05-23,RB,DM Order - rubicon - MediaFix-Banner-Order Set-1 - 128,21786223229,4747961201,3537971160,21786223229,6327,5903,0,1.97,5748,1977,0,0.00
missyusa_ROS_728x90,2026-05-23,RB,DM Order - rubicon - MediaFix-Banner-Order Set-1 - 129,21786223229,4747961201,3537971163,21786223229,1614,1500,0,0.49,1472,531,0,0.00
missyusa_ROS_728x90,2026-05-23,Smilewanted,DM Order - smilewanted - MediaFix-Banner-Order Set-1 - 140,21786223229,5845352126,3861834199,21786223229,4058,3811,0,1.68,3508,583,0,0.00
missyusa_ROS_728x90,2026-05-23,Smilewanted,DM Order - smilewanted - MediaFix-Banner-Order Set-1 - 141,21786223229,5845352126,3861834202,21786223229,1,1,0,0.01,1,0,0,0.00
missyusa_ROS_728x90,2026-05-23,Smilewanted,DM Order - smilewanted - MediaFix-Banner-Order Set-1 - 142,21786223229,5845352126,3861834910,21786223229,13,13,0,0.08,13,5,0,0.00
missyusa_ROS_728x90,2026-05-23,Smilewanted,DM Order - smilewanted - MediaFix-Banner-Order Set-1 - 143,21786223229,5845352126,3861834913,21786223229,1,1,0,0.02,1,1,0,0.00
missyusa_ROS_728x90,2026-05-23,Smilewanted,DM Order - smilewanted - MediaFix-Banner-Order Set-1 - 144,21786223229,5845352126,3862550589,21786223229,7,6,0,0.07,6,1,0,0.00
missyusa_ROS_728x90,2026-05-23,Vidazoo,DM Order - vidazoo - MediaFix-Banner-Order Set-1 - 66,21786223229,5845353068,3860323814,21786223229,10,10,0,0.11,10,2,0,0.00
missyusa_ROS_728x90,2026-05-23,Vidazoo,DM Order - vidazoo - MediaFix-Banner-Order Set-1 - 67,21786223229,5845353068,3860323817,21786223229,15,15,0,0.30,15,4,0,0.00
missyusa_ROS_728x90,2026-05-23,Vidazoo,DM Order - vidazoo - MediaFix-Banner-Order Set-1 - 68,21786223229,5845353068,3860324084,21786223229,61221,58444,0,16.30,57888,15723,0,0.00
missyusa_ROS_728x90,2026-05-23,Vidazoo,DM Order - vidazoo - MediaFix-Banner-Order Set-1 - 69,21786223229,5845353068,3860324087,21786223229,11,9,0,0.15,9,5,0,0.00
missyusa_ROS_728x90,2026-05-23,Vidazoo,DM Order - vidazoo - MediaFix-Banner-Order Set-1 - 70,21786223229,5845353068,3861829198,21786223229,79,69,0,0.42,69,29,0,0.00
missyusa_ROS_728x90,2026-05-23,advertising,DM Order - advertising - MediaFix-Banner-Order Set-1 - 71,21786223229,5925420627,3891364757,21786223229,33,32,0,0.20,32,10,0,0.00
missyusa_ROS_728x90,2026-05-23,advertising,DM Order - advertising - MediaFix-Banner-Order Set-1 - 72,21786223229,5925420627,3891364760,21786223229,10,8,0,0.10,8,4,0,0.00
missyusa_ROS_728x90,2026-05-23,advertising,DM Order - advertising - MediaFix-Banner-Order Set-1 - 73,21786223229,5925420627,3891364763,21786223229,8,8,0,0.11,8,4,0,0.00
missyusa_ROS_728x90,2026-05-23,advertising,DM Order - advertising - MediaFix-Banner-Order Set-1 - 74,21786223229,5925420627,3893158987,21786223229,23172,21943,0,5.99,21943,6178,0,0.00
missyusa_ROS_728x90,2026-05-23,advertising,DM Order - advertising - MediaFix-Banner-Order Set-1 - 75,21786223229,5925420627,3893158990,21786223229,7,7,0,0.14,7,2,0,0.00
missyusa_ROS_728x90,2026-05-23,incrementx,DM Order - incrementx - MediaFix-Banner-Order Set-1 - 52,21786223229,6025352846,4015210944,21786223229,264,250,0,0.06,250,73,0,0.00
missyusa_ROS_728x90,2026-05-23,omnidex,DM Order - omnidex - MediaFix-Banner-Order Set-1 - 31,21786223229,6047786819,4051770432,21786223229,81509,77805,0,23.19,77805,24510,0,0.00
missyusa_ROS_728x90,2026-05-23,omnidex,DM Order - omnidex - MediaFix-Banner-Order Set-1 - 32,21786223229,6047786819,4051782901,21786223229,215,205,0,1.11,205,71,0,0.00
missyusa_ROS_728x90,2026-05-23,rhu,AdSense,21786223229,32101356,428674596,21786223229,204879,180824,155,33.94,179499,69548,0,0.00
missyusa_b22_300x250,2026-05-23,,,21747714643,0,0,21747714643,58205,48174,0,13.63,48158,24902,5,0.00
missyusa_b22_300x250,2026-05-23,Contxtful,DM Order - contxtful - MediaFix-Banner-Order Set-1 - 116,21747714643,5833797831,3803389379,21747714643,258,251,0,1.45,251,171,0,0.00
missyusa_b22_300x250,2026-05-23,Contxtful,DM Order - contxtful - MediaFix-Banner-Order Set-1 - 117,21747714643,5833797831,3803390297,21747714643,35,34,0,0.36,34,27,0,0.00
missyusa_b22_300x250,2026-05-23,Contxtful,DM Order - contxtful - MediaFix-Banner-Order Set-1 - 118,21747714643,5833797831,3803390300,21747714643,12,12,0,0.24,12,9,0,0.00
missyusa_b22_300x250,2026-05-23,Contxtful,DM Order - contxtful - MediaFix-Banner-Order Set-1 - 119,21747714643,5833797831,3805548396,21747714643,79261,76196,0,25.57,76196,50485,0,0.00
missyusa_b22_300x250,2026-05-23,Contxtful,DM Order - contxtful - MediaFix-Banner-Order Set-1 - 120,21747714643,5833797831,3805548399,21747714643,37,37,0,0.57,37,28,0,0.00
missyusa_b22_300x250,2026-05-23,GADX,Analytics,21747714643,30995196,2496779519,21747714643,43989,37717,15,16.41,37193,28497,37717,16.41
missyusa_b22_300x250,2026-05-23,GADX,MissyUSA,21747714643,30995196,2398654930,21747714643,222601,187636,81,78.36,184450,141078,187636,78.36
missyusa_b22_300x250,2026-05-23,Google AdExchange,Google,21747714643,4732042460,3189843356,21747714643,572,456,2,0.29,449,321,456,0.29
missyusa_b22_300x250,2026-05-23,IX,DM Order - ix - MediaFix-Banner-Order Set-1 - 16,21747714643,4640328152,3536224234,21747714643,5103,4809,0,3.42,4753,3114,0,0.00
missyusa_b22_300x250,2026-05-23,IX,DM Order - ix - MediaFix-Banner-Order Set-1 - 17,21747714643,4640328152,3536224237,21747714643,3932,3729,0,2.62,3628,2498,0,0.00
missyusa_b22_300x250,2026-05-23,IX,DM Order - ix - MediaFix-Banner-Order Set-1 - 18,21747714643,4640328152,3536224240,21747714643,3446,3289,0,1.84,3195,2124,0,0.00
missyusa_b22_300x250,2026-05-23,IX,DM Order - ix - MediaFix-Banner-Order Set-1 - 19,21747714643,4640328152,3538000686,21747714643,6650,6329,0,3.55,6200,4096,0,0.00
missyusa_b22_300x250,2026-05-23,IX,DM Order - ix - MediaFix-Banner-Order Set-1 - 20,21747714643,4640328152,3538000689,21747714643,4791,4507,0,3.36,4477,2988,0,0.00
missyusa_b22_300x250,2026-05-23,MSFT,MSFT,21747714643,6075865898,4078071810,21747714643,133955,129204,0,0.00,129204,85686,0,0.00
missyusa_b22_300x250,2026-05-23,Mediafuse,DM Order - mediafuse - MediaFix-Banner-Order Set-1 - 131,21747714643,5616803510,3536058452,21747714643,1,1,0,0.00,1,0,0,0.00
missyusa_b22_300x250,2026-05-23,Mediafuse,DM Order - mediafuse - MediaFix-Banner-Order Set-1 - 134,21747714643,5616803510,3537946962,21747714643,1,1,0,0.00,1,0,0,0.00
missyusa_b22_300x250,2026-05-23,NM,DM Order - nextMillennium - MediaFix-Banner-Order Set-1 - 41,21747714643,5616871104,3536045408,21747714643,1,1,0,0.00,1,0,0,0.00
missyusa_b22_300x250,2026-05-23,Prebid,prebid-1,21747714643,5929971059,3896730679,21747714643,408446,392200,0,169.47,387237,245425,0,0.00
missyusa_b22_300x250,2026-05-23,Prebid,prebid-2,21747714643,5929971059,3896730682,21747714643,1869,1734,0,8.93,1734,1113,0,0.00
missyusa_b22_300x250,2026-05-23,Prebid,prebid-3,21747714643,5929971059,3897014088,21747714643,450,423,0,4.01,423,261,0,0.00
missyusa_b22_300x250,2026-05-23,Prebid,prebid-4,21747714643,5929971059,3896730694,21747714643,157,147,0,2.04,147,75,0,0.00
missyusa_b22_300x250,2026-05-23,Prebid,prebid-5,21747714643,5929971059,3896730706,21747714643,85,82,0,1.55,82,46,0,0.00
missyusa_b22_300x250,2026-05-23,RB,DM Order - rubicon - MediaFix-Banner-Order Set-1 - 125,21747714643,4747961201,3537970476,21747714643,6463,6159,0,1.95,5352,3311,0,0.00
missyusa_b22_300x250,2026-05-23,RB,DM Order - rubicon - MediaFix-Banner-Order Set-1 - 126,21747714643,4747961201,3537970479,21747714643,3930,3726,0,1.94,3502,2189,0,0.00
missyusa_b22_300x250,2026-05-23,RB,DM Order - rubicon - MediaFix-Banner-Order Set-1 - 127,21747714643,4747961201,3537971037,21747714643,4143,3932,0,1.58,3763,2382,0,0.00
missyusa_b22_300x250,2026-05-23,RB,DM Order - rubicon - MediaFix-Banner-Order Set-1 - 128,21747714643,4747961201,3537971160,21747714643,5316,5004,0,2.51,4748,2769,0,0.00
missyusa_b22_300x250,2026-05-23,RB,DM Order - rubicon - MediaFix-Banner-Order Set-1 - 129,21747714643,4747961201,3537971163,21747714643,1087,1026,0,0.49,998,620,0,0.00
missyusa_b22_300x250,2026-05-23,Smilewanted,DM Order - smilewanted - MediaFix-Banner-Order Set-1 - 140,21747714643,5845352126,3861834199,21747714643,75488,72311,0,32.78,71883,43380,0,0.00
missyusa_b22_300x250,2026-05-23,Smilewanted,DM Order - smilewanted - MediaFix-Banner-Order Set-1 - 141,21747714643,5845352126,3861834202,21747714643,8,6,0,0.10,6,3,0,0.00
missyusa_b22_300x250,2026-05-23,Smilewanted,DM Order - smilewanted - MediaFix-Banner-Order Set-1 - 142,21747714643,5845352126,3861834910,21747714643,134,112,0,0.64,112,57,0,0.00
missyusa_b22_300x250,2026-05-23,Smilewanted,DM Order - smilewanted - MediaFix-Banner-Order Set-1 - 143,21747714643,5845352126,3861834913,21747714643,6,4,0,0.08,4,2,0,0.00
missyusa_b22_300x250,2026-05-23,Smilewanted,DM Order - smilewanted - MediaFix-Banner-Order Set-1 - 144,21747714643,5845352126,3862550589,21747714643,52,49,0,0.52,49,14,0,0.00
missyusa_b22_300x250,2026-05-23,Vidazoo,DM Order - vidazoo - MediaFix-Banner-Order Set-1 - 66,21747714643,5845353068,3860323814,21747714643,16,15,0,0.15,15,10,0,0.00
missyusa_b22_300x250,2026-05-23,Vidazoo,DM Order - vidazoo - MediaFix-Banner-Order Set-1 - 67,21747714643,5845353068,3860323817,21747714643,17,17,0,0.34,17,10,0,0.00
missyusa_b22_300x250,2026-05-23,Vidazoo,DM Order - vidazoo - MediaFix-Banner-Order Set-1 - 68,21747714643,5845353068,3860324084,21747714643,26345,25252,0,12.46,24764,16230,0,0.00
missyusa_b22_300x250,2026-05-23,Vidazoo,DM Order - vidazoo - MediaFix-Banner-Order Set-1 - 69,21747714643,5845353068,3860324087,21747714643,7,7,0,0.11,7,5,0,0.00
missyusa_b22_300x250,2026-05-23,Vidazoo,DM Order - vidazoo - MediaFix-Banner-Order Set-1 - 70,21747714643,5845353068,3861829198,21747714643,132,122,0,0.71,122,89,0,0.00
missyusa_b22_300x250,2026-05-23,advertising,DM Order - advertising - MediaFix-Banner-Order Set-1 - 71,21747714643,5925420627,3891364757,21747714643,107,102,0,0.58,102,63,0,0.00
missyusa_b22_300x250,2026-05-23,advertising,DM Order - advertising - MediaFix-Banner-Order Set-1 - 72,21747714643,5925420627,3891364760,21747714643,7,7,0,0.09,7,4,0,0.00
missyusa_b22_300x250,2026-05-23,advertising,DM Order - advertising - MediaFix-Banner-Order Set-1 - 73,21747714643,5925420627,3891364763,21747714643,25,22,0,0.31,22,13,0,0.00
missyusa_b22_300x250,2026-05-23,advertising,DM Order - advertising - MediaFix-Banner-Order Set-1 - 74,21747714643,5925420627,3893158987,21747714643,40677,39081,0,13.21,39081,24050,0,0.00
missyusa_b22_300x250,2026-05-23,advertising,DM Order - advertising - MediaFix-Banner-Order Set-1 - 75,21747714643,5925420627,3893158990,21747714643,3,3,0,0.06,3,1,0,0.00
missyusa_b22_300x250,2026-05-23,incrementx,DM Order - incrementx - MediaFix-Banner-Order Set-1 - 52,21747714643,6025352846,4015210944,21747714643,249,239,0,0.05,239,157,0,0.00
missyusa_b22_300x250,2026-05-23,omnidex,DM Order - omnidex - MediaFix-Banner-Order Set-1 - 31,21747714643,6047786819,4051770432,21747714643,40407,38801,0,19.89,38801,24304,0,0.00
missyusa_b22_300x250,2026-05-23,omnidex,DM Order - omnidex - MediaFix-Banner-Order Set-1 - 32,21747714643,6047786819,4051782901,21747714643,473,456,0,2.69,456,301,0,0.00
missyusa_b22_300x250,2026-05-23,omnidex,DM Order - omnidex - MediaFix-Banner-Order Set-1 - 33,21747714643,6047786819,4051782904,21747714643,47,44,0,0.68,44,34,0,0.00
missyusa_b22_300x250,2026-05-23,omnidex,DM Order - omnidex - MediaFix-Banner-Order Set-1 - 34,21747714643,6047786819,4051782907,21747714643,7,7,0,0.14,7,6,0,0.00
missyusa_b22_300x250,2026-05-23,omnidex,DM Order - omnidex - MediaFix-Banner-Order Set-1 - 35,21747714643,6047786819,4051782934,21747714643,10,9,0,0.10,9,8,0,0.00
missyusa_b22_300x250,2026-05-23,rhu,AdSense,21747714643,32101356,428674596,21747714643,118324,98232,68,40.65,96548,72609,0,0.00
missyusa_content_320x50,2026-05-23,GADX,MissyUSA,23117505683,30995196,2398654930,23117505683,1,1,0,0.00,1,0,1,0.00
missyusa_content_320x50,2026-05-23,Prebid,prebid-1,23117505683,5929971059,3896730679,23117505683,1,1,0,0.00,1,0,0,0.00
missyusa_content_320x50,2026-05-23,Vidazoo,DM Order - vidazoo - MediaFix-Banner-Order Set-1 - 68,23117505683,5845353068,3860324084,23117505683,1,1,0,0.00,1,0,0,0.00
missyusa_direct2_300x250,2026-05-23,,,22106393808,0,0,22106393808,260,191,0,0.45,191,132,0,0.00
missyusa_direct2_300x250,2026-05-23,GADX,MissyUSA,22106393808,30995196,2398654930,22106393808,13822,11494,27,11.49,11435,9127,11494,11.49
missyusa_direct2_300x250,2026-05-23,Google AdExchange,Google,22106393808,4732042460,3189843356,22106393808,43,34,0,0.03,34,24,34,0.03
missyusa_direct2_300x250,2026-05-23,MSFT,MSFT,22106393808,6075865898,4078071810,22106393808,6096,5327,0,0.00,5327,3863,0,0.00
missyusa_direct2_300x250,2026-05-23,rhu,AdSense,22106393808,32101356,428674596,22106393808,12137,10071,11,6.61,9980,7664,0,0.00
missyusa_mob_300x250,2026-05-23,,,21871125096,0,0,21871125096,45396,41667,0,7.70,41667,2952,0,0.00
missyusa_mob_300x250,2026-05-23,CPMstar,DM Order - cpmstar - MediaFix-Banner-Order Set-1 - 36,21871125096,5834483484,3804571114,21871125096,17,17,0,0.08,17,0,0,0.00
missyusa_mob_300x250,2026-05-23,CPMstar,DM Order - cpmstar - MediaFix-Banner-Order Set-1 - 37,21871125096,5834483484,3804571672,21871125096,2974,2866,0,0.99,2865,212,0,0.00
missyusa_mob_300x250,2026-05-23,CPMstar,DM Order - cpmstar - MediaFix-Banner-Order Set-1 - 39,21871125096,5834483484,3804571678,21871125096,1,1,0,0.02,1,0,0,0.00
missyusa_mob_300x250,2026-05-23,CPMstar,DM Order - cpmstar - MediaFix-Banner-Order Set-1 - 40,21871125096,5834483484,3804571801,21871125096,1,1,0,0.02,1,0,0,0.00
missyusa_mob_300x250,2026-05-23,Criteo,DM Order - criteo - MediaFix-Banner-Order Set-1 - 1,21871125096,32141556,3795168950,21871125096,15789,15213,0,3.40,15213,1658,0,0.00
missyusa_mob_300x250,2026-05-23,Criteo,DM Order - criteo - MediaFix-Banner-Order Set-1 - 2,21871125096,32141556,3795207053,21871125096,22,20,0,0.13,20,0,0,0.00
missyusa_mob_300x250,2026-05-23,Criteo,DM Order - criteo - MediaFix-Banner-Order Set-1 - 3,21871125096,32141556,3795207056,21871125096,4,4,0,0.04,4,1,0,0.00
missyusa_mob_300x250,2026-05-23,GADX,MissyUSA,21871125096,30995196,2398654930,21871125096,116270,66573,51,19.60,61492,12347,66573,19.60
missyusa_mob_300x250,2026-05-23,Google AdExchange,Google,21871125096,4732042460,3189843356,21871125096,328,206,1,0.05,193,41,206,0.05
missyusa_mob_300x250,2026-05-23,MSFT,MSFT,21871125096,6075865898,4078071810,21871125096,74337,71629,0,0.00,71629,6403,0,0.00
missyusa_mob_300x250,2026-05-23,Onetag,DM Order - onetag - MediaFix-Banner-Order Set-1 - 111,21871125096,5616801977,3536142190,21871125096,559,536,0,0.09,536,65,0,0.00
missyusa_mob_300x250,2026-05-23,Onetag,DM Order - onetag - MediaFix-Banner-Order Set-1 - 112,21871125096,5616801977,3536142193,21871125096,1289,1242,0,0.11,1242,155,0,0.00
missyusa_mob_300x250,2026-05-23,Onetag,DM Order - onetag - MediaFix-Banner-Order Set-1 - 113,21871125096,5616801977,3536142196,21871125096,1187,1136,0,0.13,1136,143,0,0.00
missyusa_mob_300x250,2026-05-23,Onetag,DM Order - onetag - MediaFix-Banner-Order Set-1 - 114,21871125096,5616801977,3537925623,21871125096,1617,1573,0,0.05,1573,138,0,0.00
missyusa_mob_300x250,2026-05-23,Onetag,DM Order - onetag - MediaFix-Banner-Order Set-1 - 115,21871125096,5616801977,3537926109,21871125096,734,699,0,0.10,699,77,0,0.00
missyusa_mob_300x250,2026-05-23,PM,DM Order - pubmatic - MediaFix-Banner-Order Set-1 - 11,21871125096,5616803759,3536072072,21871125096,9779,9414,0,2.12,9414,1016,0,0.00
missyusa_mob_300x250,2026-05-23,PM,DM Order - pubmatic - MediaFix-Banner-Order Set-1 - 12,21871125096,5616803759,3536072075,21871125096,12535,12083,0,2.16,12083,1306,0,0.00
missyusa_mob_300x250,2026-05-23,PM,DM Order - pubmatic - MediaFix-Banner-Order Set-1 - 13,21871125096,5616803759,3536072078,21871125096,8544,8199,0,1.84,8198,783,0,0.00
missyusa_mob_300x250,2026-05-23,PM,DM Order - pubmatic - MediaFix-Banner-Order Set-1 - 14,21871125096,5616803759,3536072081,21871125096,13540,13052,0,2.87,13052,1435,0,0.00
missyusa_mob_300x250,2026-05-23,PM,DM Order - pubmatic - MediaFix-Banner-Order Set-1 - 15,21871125096,5616803759,3536072084,21871125096,10656,10246,0,1.90,10246,944,0,0.00
missyusa_mob_300x250,2026-05-23,Prebid,prebid-1,21871125096,5929971059,3896730679,21871125096,164575,158720,0,40.05,158717,16740,0,0.00
missyusa_mob_300x250,2026-05-23,Prebid,prebid-2,21871125096,5929971059,3896730682,21871125096,197,181,0,0.96,181,18,0,0.00
missyusa_mob_300x250,2026-05-23,Prebid,prebid-3,21871125096,5929971059,3897014088,21871125096,30,28,0,0.26,28,2,0,0.00
missyusa_mob_300x250,2026-05-23,Prebid,prebid-4,21871125096,5929971059,3896730694,21871125096,10,10,0,0.14,10,0,0,0.00
missyusa_mob_300x250,2026-05-23,Prebid,prebid-5,21871125096,5929971059,3896730706,21871125096,18,17,0,0.34,17,0,0,0.00
missyusa_mob_300x250,2026-05-23,RB,DM Order - rubicon - MediaFix-Banner-Order Set-1 - 125,21871125096,4747961201,3537970476,21871125096,1598,1538,0,0.18,1537,185,0,0.00
missyusa_mob_300x250,2026-05-23,RB,DM Order - rubicon - MediaFix-Banner-Order Set-1 - 126,21871125096,4747961201,3537970479,21871125096,815,791,0,0.10,790,74,0,0.00
missyusa_mob_300x250,2026-05-23,RB,DM Order - rubicon - MediaFix-Banner-Order Set-1 - 127,21871125096,4747961201,3537971037,21871125096,1165,1112,0,0.15,1112,122,0,0.00
missyusa_mob_300x250,2026-05-23,RB,DM Order - rubicon - MediaFix-Banner-Order Set-1 - 128,21871125096,4747961201,3537971160,21871125096,408,382,0,0.14,382,59,0,0.00
missyusa_mob_300x250,2026-05-23,RB,DM Order - rubicon - MediaFix-Banner-Order Set-1 - 129,21871125096,4747961201,3537971163,21871125096,58,56,0,0.03,56,8,0,0.00
missyusa_mob_300x250,2026-05-23,Smilewanted,DM Order - smilewanted - MediaFix-Banner-Order Set-1 - 140,21871125096,5845352126,3861834199,21871125096,52211,50747,0,14.56,50747,5885,0,0.00
missyusa_mob_300x250,2026-05-23,Smilewanted,DM Order - smilewanted - MediaFix-Banner-Order Set-1 - 141,21871125096,5845352126,3861834202,21871125096,1,1,0,0.01,1,0,0,0.00
missyusa_mob_300x250,2026-05-23,Smilewanted,DM Order - smilewanted - MediaFix-Banner-Order Set-1 - 142,21871125096,5845352126,3861834910,21871125096,50,46,0,0.29,46,7,0,0.00
missyusa_mob_300x250,2026-05-23,Smilewanted,DM Order - smilewanted - MediaFix-Banner-Order Set-1 - 143,21871125096,5845352126,3861834913,21871125096,4,3,0,0.06,3,0,0,0.00
missyusa_mob_300x250,2026-05-23,Smilewanted,DM Order - smilewanted - MediaFix-Banner-Order Set-1 - 144,21871125096,5845352126,3862550589,21871125096,3,3,0,0.03,3,0,0,0.00
missyusa_mob_300x250,2026-05-23,Vidazoo,DM Order - vidazoo - MediaFix-Banner-Order Set-1 - 66,21871125096,5845353068,3860323814,21871125096,6,6,0,0.06,6,0,0,0.00
missyusa_mob_300x250,2026-05-23,Vidazoo,DM Order - vidazoo - MediaFix-Banner-Order Set-1 - 67,21871125096,5845353068,3860323817,21871125096,4,3,0,0.06,3,0,0,0.00
missyusa_mob_300x250,2026-05-23,Vidazoo,DM Order - vidazoo - MediaFix-Banner-Order Set-1 - 68,21871125096,5845353068,3860324084,21871125096,5630,5372,0,2.93,5371,613,0,0.00
missyusa_mob_300x250,2026-05-23,Vidazoo,DM Order - vidazoo - MediaFix-Banner-Order Set-1 - 69,21871125096,5845353068,3860324087,21871125096,4,3,0,0.05,3,0,0,0.00
missyusa_mob_300x250,2026-05-23,Vidazoo,DM Order - vidazoo - MediaFix-Banner-Order Set-1 - 70,21871125096,5845353068,3861829198,21871125096,21,20,0,0.11,20,2,0,0.00
missyusa_mob_300x250,2026-05-23,rhu,AdSense,21871125096,32101356,428674596,21871125096,85595,50281,48,13.11,47413,8344,0,0.00
missyusa_resp_320x50,2026-05-23,,,23117506328,0,0,23117506328,11186,10604,0,1.20,10604,5591,22,0.02
missyusa_resp_320x50,2026-05-23,CPMstar,DM Order - cpmstar - MediaFix-Banner-Order Set-1 - 36,23117506328,5834483484,3804571114,23117506328,10,8,0,0.05,8,1,0,0.00
missyusa_resp_320x50,2026-05-23,CPMstar,DM Order - cpmstar - MediaFix-Banner-Order Set-1 - 37,23117506328,5834483484,3804571672,23117506328,32077,30940,0,3.41,30934,14238,0,0.00
missyusa_resp_320x50,2026-05-23,Criteo,DM Order - criteo - MediaFix-Banner-Order Set-1 - 1,23117506328,32141556,3795168950,23117506328,59686,57822,0,2.03,57821,28808,0,0.00
missyusa_resp_320x50,2026-05-23,Criteo,DM Order - criteo - MediaFix-Banner-Order Set-1 - 2,23117506328,32141556,3795207053,23117506328,16,12,0,0.08,12,4,0,0.00
missyusa_resp_320x50,2026-05-23,Criteo,DM Order - criteo - MediaFix-Banner-Order Set-1 - 5,23117506328,32141556,3797364399,23117506328,1,1,0,0.02,1,1,0,0.00
missyusa_resp_320x50,2026-05-23,GADX,MissyUSA,23117506328,30995196,2398654930,23117506328,125291,118689,18,7.98,118685,73929,118689,7.98
missyusa_resp_320x50,2026-05-23,Google AdExchange,Google,23117506328,4732042460,3189843356,23117506328,418,405,0,0.03,405,257,405,0.03
missyusa_resp_320x50,2026-05-23,Onetag,DM Order - onetag - MediaFix-Banner-Order Set-1 - 111,23117506328,5616801977,3536142190,23117506328,1591,1532,0,0.30,1532,738,0,0.00
missyusa_resp_320x50,2026-05-23,Onetag,DM Order - onetag - MediaFix-Banner-Order Set-1 - 112,23117506328,5616801977,3536142193,23117506328,5236,5028,0,0.60,5028,2689,0,0.00
missyusa_resp_320x50,2026-05-23,Onetag,DM Order - onetag - MediaFix-Banner-Order Set-1 - 113,23117506328,5616801977,3536142196,23117506328,5347,5111,0,0.59,5111,2615,0,0.00
missyusa_resp_320x50,2026-05-23,Onetag,DM Order - onetag - MediaFix-Banner-Order Set-1 - 114,23117506328,5616801977,3537925623,23117506328,3259,3146,0,0.24,3146,1447,0,0.00
missyusa_resp_320x50,2026-05-23,Onetag,DM Order - onetag - MediaFix-Banner-Order Set-1 - 115,23117506328,5616801977,3537926109,23117506328,4127,3944,0,0.44,3944,2177,0,0.00
missyusa_resp_320x50,2026-05-23,PM,DM Order - pubmatic - MediaFix-Banner-Order Set-1 - 11,23117506328,5616803759,3536072072,23117506328,4699,4545,0,1.18,4544,2204,0,0.00
missyusa_resp_320x50,2026-05-23,PM,DM Order - pubmatic - MediaFix-Banner-Order Set-1 - 12,23117506328,5616803759,3536072075,23117506328,6505,6319,0,1.14,6314,3040,0,0.00
missyusa_resp_320x50,2026-05-23,PM,DM Order - pubmatic - MediaFix-Banner-Order Set-1 - 13,23117506328,5616803759,3536072078,23117506328,5882,5689,0,1.19,5689,2584,0,0.00
missyusa_resp_320x50,2026-05-23,PM,DM Order - pubmatic - MediaFix-Banner-Order Set-1 - 14,23117506328,5616803759,3536072081,23117506328,3853,3720,0,1.14,3717,1729,0,0.00
missyusa_resp_320x50,2026-05-23,PM,DM Order - pubmatic - MediaFix-Banner-Order Set-1 - 15,23117506328,5616803759,3536072084,23117506328,1656,1589,0,0.58,1588,704,0,0.00
missyusa_resp_320x50,2026-05-23,Prebid,prebid-1,23117506328,5929971059,3896730679,23117506328,285241,274714,0,35.58,274646,104723,0,0.00
missyusa_resp_320x50,2026-05-23,Prebid,prebid-2,23117506328,5929971059,3896730682,23117506328,220,203,0,1.07,203,111,0,0.00
missyusa_resp_320x50,2026-05-23,Prebid,prebid-3,23117506328,5929971059,3897014088,23117506328,24,22,0,0.22,22,14,0,0.00
missyusa_resp_320x50,2026-05-23,Prebid,prebid-4,23117506328,5929971059,3896730694,23117506328,17,16,0,0.23,16,7,0,0.00
missyusa_resp_320x50,2026-05-23,Prebid,prebid-5,23117506328,5929971059,3896730706,23117506328,21,21,0,0.42,21,9,0,0.00
missyusa_resp_320x50,2026-05-23,RB,DM Order - rubicon - MediaFix-Banner-Order Set-1 - 125,23117506328,4747961201,3537970476,23117506328,12737,12242,0,1.39,12224,6254,0,0.00
missyusa_resp_320x50,2026-05-23,RB,DM Order - rubicon - MediaFix-Banner-Order Set-1 - 126,23117506328,4747961201,3537970479,23117506328,7634,7374,0,0.53,7368,3649,0,0.00
missyusa_resp_320x50,2026-05-23,RB,DM Order - rubicon - MediaFix-Banner-Order Set-1 - 127,23117506328,4747961201,3537971037,23117506328,10853,10454,0,0.66,10451,5141,0,0.00
missyusa_resp_320x50,2026-05-23,RB,DM Order - rubicon - MediaFix-Banner-Order Set-1 - 128,23117506328,4747961201,3537971160,23117506328,3413,3280,0,0.71,3269,1658,0,0.00
missyusa_resp_320x50,2026-05-23,RB,DM Order - rubicon - MediaFix-Banner-Order Set-1 - 129,23117506328,4747961201,3537971163,23117506328,654,630,0,0.20,626,356,0,0.00
missyusa_resp_320x50,2026-05-23,Smilewanted,DM Order - smilewanted - MediaFix-Banner-Order Set-1 - 140,23117506328,5845352126,3861834199,23117506328,9854,9455,0,4.62,9455,4653,0,0.00
missyusa_resp_320x50,2026-05-23,Smilewanted,DM Order - smilewanted - MediaFix-Banner-Order Set-1 - 141,23117506328,5845352126,3861834202,23117506328,1,1,0,0.01,1,0,0,0.00
missyusa_resp_320x50,2026-05-23,Smilewanted,DM Order - smilewanted - MediaFix-Banner-Order Set-1 - 142,23117506328,5845352126,3861834910,23117506328,38,34,0,0.20,34,19,0,0.00
missyusa_resp_320x50,2026-05-23,Smilewanted,DM Order - smilewanted - MediaFix-Banner-Order Set-1 - 143,23117506328,5845352126,3861834913,23117506328,2,2,0,0.04,2,1,0,0.00
missyusa_resp_320x50,2026-05-23,Vidazoo,DM Order - vidazoo - MediaFix-Banner-Order Set-1 - 66,23117506328,5845353068,3860323814,23117506328,15,14,0,0.15,14,3,0,0.00
missyusa_resp_320x50,2026-05-23,Vidazoo,DM Order - vidazoo - MediaFix-Banner-Order Set-1 - 67,23117506328,5845353068,3860323817,23117506328,17,15,0,0.30,15,9,0,0.00
missyusa_resp_320x50,2026-05-23,Vidazoo,DM Order - vidazoo - MediaFix-Banner-Order Set-1 - 68,23117506328,5845353068,3860324084,23117506328,13120,12608,0,5.20,12607,5901,0,0.00
missyusa_resp_320x50,2026-05-23,Vidazoo,DM Order - vidazoo - MediaFix-Banner-Order Set-1 - 69,23117506328,5845353068,3860324087,23117506328,1,1,0,0.02,1,1,0,0.00
missyusa_resp_320x50,2026-05-23,Vidazoo,DM Order - vidazoo - MediaFix-Banner-Order Set-1 - 70,23117506328,5845353068,3861829198,23117506328,44,41,0,0.24,41,23,0,0.00
missyusa_resp_320x50,2026-05-23,rhu,AdSense,23117506328,32101356,428674596,23117506328,138020,130531,34,17.38,129858,82259,0,0.00
missyusa_sticky_banner,2026-05-23,,,23334850228,0,0,23334850228,421707,400255,287,65.10,399773,350676,400255,65.10
missyusa_sticky_banner,2026-05-23,CPMstar,DM Order - cpmstar - MediaFix-Banner-Order Set-1 - 36,23334850228,5834483484,3804571114,23334850228,19,18,0,0.10,18,18,0,0.00
missyusa_sticky_banner,2026-05-23,CPMstar,DM Order - cpmstar - MediaFix-Banner-Order Set-1 - 37,23334850228,5834483484,3804571672,23334850228,32402,31299,0,4.12,31298,24795,0,0.00
missyusa_sticky_banner,2026-05-23,CPMstar,DM Order - cpmstar - MediaFix-Banner-Order Set-1 - 39,23334850228,5834483484,3804571678,23334850228,1,1,0,0.02,1,1,0,0.00
missyusa_sticky_banner,2026-05-23,CPMstar,DM Order - cpmstar - MediaFix-Banner-Order Set-1 - 40,23334850228,5834483484,3804571801,23334850228,1,1,0,0.02,1,1,0,0.00
missyusa_sticky_banner,2026-05-23,Criteo,DM Order - criteo - MediaFix-Banner-Order Set-1 - 1,23334850228,32141556,3795168950,23334850228,36635,35450,0,4.73,35449,30463,0,0.00
missyusa_sticky_banner,2026-05-23,Criteo,DM Order - criteo - MediaFix-Banner-Order Set-1 - 2,23334850228,32141556,3795207053,23334850228,40,38,0,0.24,38,33,0,0.00
missyusa_sticky_banner,2026-05-23,Criteo,DM Order - criteo - MediaFix-Banner-Order Set-1 - 3,23334850228,32141556,3795207056,23334850228,4,4,0,0.04,4,3,0,0.00
missyusa_sticky_banner,2026-05-23,Criteo,DM Order - criteo - MediaFix-Banner-Order Set-1 - 5,23334850228,32141556,3797364399,23334850228,2,2,0,0.04,2,2,0,0.00
missyusa_sticky_banner,2026-05-23,Google AdExchange,Google,23334850228,4732042460,3189843356,23334850228,3133,3001,5,0.46,3000,2624,3001,0.46
missyusa_sticky_banner,2026-05-23,Onetag,DM Order - onetag - MediaFix-Banner-Order Set-1 - 111,23334850228,5616801977,3536142190,23334850228,1784,1700,0,0.41,1700,1314,0,0.00
missyusa_sticky_banner,2026-05-23,Onetag,DM Order - onetag - MediaFix-Banner-Order Set-1 - 112,23334850228,5616801977,3536142193,23334850228,4710,4522,0,0.68,4522,3574,0,0.00
missyusa_sticky_banner,2026-05-23,Onetag,DM Order - onetag - MediaFix-Banner-Order Set-1 - 113,23334850228,5616801977,3536142196,23334850228,5634,5431,0,0.71,5431,4299,0,0.00
missyusa_sticky_banner,2026-05-23,Onetag,DM Order - onetag - MediaFix-Banner-Order Set-1 - 114,23334850228,5616801977,3537925623,23334850228,3441,3323,0,0.30,3323,2815,0,0.00
missyusa_sticky_banner,2026-05-23,Onetag,DM Order - onetag - MediaFix-Banner-Order Set-1 - 115,23334850228,5616801977,3537926109,23334850228,3794,3633,0,0.56,3633,2858,0,0.00
missyusa_sticky_banner,2026-05-23,PM,DM Order - pubmatic - MediaFix-Banner-Order Set-1 - 11,23334850228,5616803759,3536072072,23334850228,5470,5246,0,1.89,5246,4189,0,0.00
missyusa_sticky_banner,2026-05-23,PM,DM Order - pubmatic - MediaFix-Banner-Order Set-1 - 12,23334850228,5616803759,3536072075,23334850228,8355,8047,0,1.79,8039,6376,0,0.00
missyusa_sticky_banner,2026-05-23,PM,DM Order - pubmatic - MediaFix-Banner-Order Set-1 - 13,23334850228,5616803759,3536072078,23334850228,5439,5243,0,2.07,5242,4214,0,0.00
missyusa_sticky_banner,2026-05-23,PM,DM Order - pubmatic - MediaFix-Banner-Order Set-1 - 14,23334850228,5616803759,3536072081,23334850228,5606,5416,0,2.15,5414,4310,0,0.00
missyusa_sticky_banner,2026-05-23,PM,DM Order - pubmatic - MediaFix-Banner-Order Set-1 - 15,23334850228,5616803759,3536072084,23334850228,2315,2230,0,0.92,2229,1727,0,0.00
missyusa_sticky_banner,2026-05-23,Prebid,prebid-1,23334850228,5929971059,3896730679,23334850228,259803,249940,0,59.01,249861,164029,0,0.00
missyusa_sticky_banner,2026-05-23,Prebid,prebid-2,23334850228,5929971059,3896730682,23334850228,382,360,0,1.91,360,280,0,0.00
missyusa_sticky_banner,2026-05-23,Prebid,prebid-3,23334850228,5929971059,3897014088,23334850228,70,69,0,0.65,69,56,0,0.00
missyusa_sticky_banner,2026-05-23,Prebid,prebid-4,23334850228,5929971059,3896730694,23334850228,36,33,0,0.44,33,26,0,0.00
missyusa_sticky_banner,2026-05-23,Prebid,prebid-5,23334850228,5929971059,3896730706,23334850228,70,62,0,1.22,62,48,0,0.00
missyusa_sticky_banner,2026-05-23,RB,DM Order - rubicon - MediaFix-Banner-Order Set-1 - 125,23334850228,4747961201,3537970476,23334850228,13389,12907,0,2.04,12892,10833,0,0.00
missyusa_sticky_banner,2026-05-23,RB,DM Order - rubicon - MediaFix-Banner-Order Set-1 - 126,23334850228,4747961201,3537970479,23334850228,5414,5250,0,0.97,5248,4412,0,0.00
missyusa_sticky_banner,2026-05-23,RB,DM Order - rubicon - MediaFix-Banner-Order Set-1 - 127,23334850228,4747961201,3537971037,23334850228,6760,6525,0,1.03,6518,5557,0,0.00
missyusa_sticky_banner,2026-05-23,RB,DM Order - rubicon - MediaFix-Banner-Order Set-1 - 128,23334850228,4747961201,3537971160,23334850228,4394,4242,0,1.28,4234,3445,0,0.00
missyusa_sticky_banner,2026-05-23,RB,DM Order - rubicon - MediaFix-Banner-Order Set-1 - 129,23334850228,4747961201,3537971163,23334850228,925,885,0,0.32,885,711,0,0.00
missyusa_sticky_banner,2026-05-23,Smilewanted,DM Order - smilewanted - MediaFix-Banner-Order Set-1 - 140,23334850228,5845352126,3861834199,23334850228,20160,19130,0,11.64,19130,15842,0,0.00
missyusa_sticky_banner,2026-05-23,Smilewanted,DM Order - smilewanted - MediaFix-Banner-Order Set-1 - 141,23334850228,5845352126,3861834202,23334850228,2,2,0,0.03,2,2,0,0.00
missyusa_sticky_banner,2026-05-23,Smilewanted,DM Order - smilewanted - MediaFix-Banner-Order Set-1 - 142,23334850228,5845352126,3861834910,23334850228,111,106,0,0.62,106,88,0,0.00
missyusa_sticky_banner,2026-05-23,Smilewanted,DM Order - smilewanted - MediaFix-Banner-Order Set-1 - 143,23334850228,5845352126,3861834913,23334850228,5,5,0,0.10,5,3,0,0.00
missyusa_sticky_banner,2026-05-23,Smilewanted,DM Order - smilewanted - MediaFix-Banner-Order Set-1 - 144,23334850228,5845352126,3862550589,23334850228,10,10,0,0.11,10,8,0,0.00
missyusa_sticky_banner,2026-05-23,Vidazoo,DM Order - vidazoo - MediaFix-Banner-Order Set-1 - 66,23334850228,5845353068,3860323814,23334850228,20,20,0,0.21,20,17,0,0.00
missyusa_sticky_banner,2026-05-23,Vidazoo,DM Order - vidazoo - MediaFix-Banner-Order Set-1 - 67,23334850228,5845353068,3860323817,23334850228,22,19,0,0.38,19,10,0,0.00
missyusa_sticky_banner,2026-05-23,Vidazoo,DM Order - vidazoo - MediaFix-Banner-Order Set-1 - 68,23334850228,5845353068,3860324084,23334850228,18874,18231,0,8.28,18231,14259,0,0.00
missyusa_sticky_banner,2026-05-23,Vidazoo,DM Order - vidazoo - MediaFix-Banner-Order Set-1 - 69,23334850228,5845353068,3860324087,23334850228,10,10,0,0.15,10,8,0,0.00
missyusa_sticky_banner,2026-05-23,Vidazoo,DM Order - vidazoo - MediaFix-Banner-Order Set-1 - 70,23334850228,5845353068,3861829198,23334850228,86,80,0,0.49,80,66,0,0.00
missyusa_video_outstream_1x1,2026-05-23,Google AdExchange,Google,22032754622,4732042460,3189843356,22032754622,10,9,0,0.00,9,1,9,0.00
missyusa_video_outstream_1x1,2026-05-23,Media Fix Online,MissyUSA Outstream,22032754622,5625316981,3543770363,22032754622,51649,51074,0,0.00,51074,2,0,0.00
TOTAL,,,,,,,,6826909,6257483,1843,1836.15,6191210,3503889,1676427,466.05
